Model,Cost,Timestamp,Reasoning
"GPT-4o Mini",0.0014999999999999998,"2025-12-08T07:19:56.377Z","Selected GPT-4o Mini (score: 0.95) for code_generation task. Cost: $0.0015, Quality: 0.85, Latency: 1000ms"
"GPT-4o Mini",0.0014999999999999998,"2025-12-08T07:19:56.377Z","Selected GPT-4o Mini (score: 0.95) for debugging task. Cost: $0.0015, Quality: 0.85, Latency: 1000ms"
"GPT-4o Mini",0.0014999999999999998,"2025-12-08T07:19:56.377Z","Selected GPT-4o Mini (score: 0.95) for documentation task. Cost: $0.0015, Quality: 0.85, Latency: 1000ms"
"GPT-4o Mini",0.0014999999999999998,"2025-12-08T07:19:56.377Z","Selected GPT-4o Mini (score: 0.95) for code_generation task. Cost: $0.0015, Quality: 0.85, Latency: 1000ms"
"GPT-4o Mini",0.0014999999999999998,"2025-12-08T07:19:56.377Z","Selected GPT-4o Mini (score: 0.95) for debugging task. Cost: $0.0015, Quality: 0.85, Latency: 1000ms"
"GPT-4o Mini",0.0014999999999999998,"2025-12-08T07:19:56.377Z","Selected GPT-4o Mini (score: 0.95) for documentation task. Cost: $0.0015, Quality: 0.85, Latency: 1000ms"
"GPT-4o Mini",0.0014999999999999998,"2025-12-08T07:19:56.377Z","Selected GPT-4o Mini (score: 0.95) for code_generation task. Cost: $0.0015, Quality: 0.85, Latency: 1000ms"
"GPT-4o Mini",0.0014999999999999998,"2025-12-08T07:19:56.377Z","Selected GPT-4o Mini (score: 0.95) for debugging task. Cost: $0.0015, Quality: 0.85, Latency: 1000ms"
"GPT-4o Mini",0.0014999999999999998,"2025-12-08T07:19:56.377Z","Selected GPT-4o Mini (score: 0.95) for documentation task. Cost: $0.0015, Quality: 0.85, Latency: 1000ms"
"GPT-4o Mini",0.0015749999999999998,"2025-12-08T07:19:56.377Z","Selected GPT-4o Mini (score: 0.95) for code_generation task. Cost: $0.0016, Quality: 0.85, Latency: 1000ms"
"GPT-4o Mini",0.0015749999999999998,"2025-12-08T07:19:56.377Z","Selected GPT-4o Mini (score: 0.95) for debugging task. Cost: $0.0016, Quality: 0.85, Latency: 1000ms"
"GPT-4o Mini",0.0015749999999999998,"2025-12-08T07:19:56.377Z","Selected GPT-4o Mini (score: 0.95) for documentation task. Cost: $0.0016, Quality: 0.85, Latency: 1000ms"
"GPT-4o Mini",0.0015749999999999998,"2025-12-08T07:19:56.377Z","Selected GPT-4o Mini (score: 0.95) for code_generation task. Cost: $0.0016, Quality: 0.85, Latency: 1000ms"
"GPT-4o Mini",0.0015749999999999998,"2025-12-08T07:19:56.377Z","Selected GPT-4o Mini (score: 0.95) for debugging task. Cost: $0.0016, Quality: 0.85, Latency: 1000ms"
"GPT-4o Mini",0.0015749999999999998,"2025-12-08T07:19:56.377Z","Selected GPT-4o Mini (score: 0.95) for documentation task. Cost: $0.0016, Quality: 0.85, Latency: 1000ms"
"GPT-4o Mini",0.0015749999999999998,"2025-12-08T07:19:56.377Z","Selected GPT-4o Mini (score: 0.95) for code_generation task. Cost: $0.0016, Quality: 0.85, Latency: 1000ms"
"GPT-4o Mini",0.0015749999999999998,"2025-12-08T07:19:56.377Z","Selected GPT-4o Mini (score: 0.95) for debugging task. Cost: $0.0016, Quality: 0.85, Latency: 1000ms"
"GPT-4o Mini",0.0015749999999999998,"2025-12-08T07:19:56.377Z","Selected GPT-4o Mini (score: 0.95) for documentation task. Cost: $0.0016, Quality: 0.85, Latency: 1000ms"
"GPT-4o Mini",0.0015749999999999998,"2025-12-08T07:19:56.377Z","Selected GPT-4o Mini (score: 0.95) for code_generation task. Cost: $0.0016, Quality: 0.85, Latency: 1000ms"
"GPT-4o Mini",0.0015749999999999998,"2025-12-08T07:19:56.377Z","Selected GPT-4o Mini (score: 0.95) for debugging task. Cost: $0.0016, Quality: 0.85, Latency: 1000ms"
"GPT-4o Mini",0.0015749999999999998,"2025-12-08T07:19:56.377Z","Selected GPT-4o Mini (score: 0.95) for documentation task. Cost: $0.0016, Quality: 0.85, Latency: 1000ms"
"GPT-4o Mini",0.0015749999999999998,"2025-12-08T07:19:56.377Z","Selected GPT-4o Mini (score: 0.95) for code_generation task. Cost: $0.0016, Quality: 0.85, Latency: 1000ms"
"GPT-4o Mini",0.0015749999999999998,"2025-12-08T07:19:56.377Z","Selected GPT-4o Mini (score: 0.95) for debugging task. Cost: $0.0016, Quality: 0.85, Latency: 1000ms"
"GPT-4o Mini",0.0015749999999999998,"2025-12-08T07:19:56.377Z","Selected GPT-4o Mini (score: 0.95) for documentation task. Cost: $0.0016, Quality: 0.85, Latency: 1000ms"
"GPT-4o Mini",0.0015749999999999998,"2025-12-08T07:19:56.377Z","Selected GPT-4o Mini (score: 0.95) for code_generation task. Cost: $0.0016, Quality: 0.85, Latency: 1000ms"
"GPT-4o Mini",0.0015749999999999998,"2025-12-08T07:19:56.377Z","Selected GPT-4o Mini (score: 0.95) for debugging task. Cost: $0.0016, Quality: 0.85, Latency: 1000ms"
"GPT-4o Mini",0.0015749999999999998,"2025-12-08T07:19:56.377Z","Selected GPT-4o Mini (score: 0.95) for documentation task. Cost: $0.0016, Quality: 0.85, Latency: 1000ms"
"GPT-4o Mini",0.0015749999999999998,"2025-12-08T07:19:56.377Z","Selected GPT-4o Mini (score: 0.95) for code_generation task. Cost: $0.0016, Quality: 0.85, Latency: 1000ms"
"GPT-4o Mini",0.0015749999999999998,"2025-12-08T07:19:56.377Z","Selected GPT-4o Mini (score: 0.95) for debugging task. Cost: $0.0016, Quality: 0.85, Latency: 1000ms"
"GPT-4o Mini",0.0015749999999999998,"2025-12-08T07:19:56.377Z","Selected GPT-4o Mini (score: 0.95) for documentation task. Cost: $0.0016, Quality: 0.85, Latency: 1000ms"
"GPT-4o Mini",0.0015749999999999998,"2025-12-08T07:19:56.377Z","Selected GPT-4o Mini (score: 0.95) for code_generation task. Cost: $0.0016, Quality: 0.85, Latency: 1000ms"
"GPT-4o Mini",0.0015749999999999998,"2025-12-08T07:19:56.377Z","Selected GPT-4o Mini (score: 0.95) for debugging task. Cost: $0.0016, Quality: 0.85, Latency: 1000ms"
"GPT-4o Mini",0.0015749999999999998,"2025-12-08T07:19:56.377Z","Selected GPT-4o Mini (score: 0.95) for documentation task. Cost: $0.0016, Quality: 0.85, Latency: 1000ms"
"GPT-4o Mini",0.0015749999999999998,"2025-12-08T07:19:56.377Z","Selected GPT-4o Mini (score: 0.95) for code_generation task. Cost: $0.0016, Quality: 0.85, Latency: 1000ms"
"GPT-4o Mini",0.0015749999999999998,"2025-12-08T07:19:56.377Z","Selected GPT-4o Mini (score: 0.95) for debugging task. Cost: $0.0016, Quality: 0.85, Latency: 1000ms"
"GPT-4o Mini",0.0015749999999999998,"2025-12-08T07:19:56.377Z","Selected GPT-4o Mini (score: 0.95) for documentation task. Cost: $0.0016, Quality: 0.85, Latency: 1000ms"
"GPT-4o Mini",0.0015749999999999998,"2025-12-08T07:19:56.377Z","Selected GPT-4o Mini (score: 0.95) for code_generation task. Cost: $0.0016, Quality: 0.85, Latency: 1000ms"
"GPT-4o Mini",0.0015749999999999998,"2025-12-08T07:19:56.377Z","Selected GPT-4o Mini (score: 0.95) for debugging task. Cost: $0.0016, Quality: 0.85, Latency: 1000ms"
"GPT-4o Mini",0.0015749999999999998,"2025-12-08T07:19:56.377Z","Selected GPT-4o Mini (score: 0.95) for documentation task. Cost: $0.0016, Quality: 0.85, Latency: 1000ms"
"GPT-4o Mini",0.0015749999999999998,"2025-12-08T07:19:56.377Z","Selected GPT-4o Mini (score: 0.95) for code_generation task. Cost: $0.0016, Quality: 0.85, Latency: 1000ms"
"GPT-4o Mini",0.0015749999999999998,"2025-12-08T07:19:56.377Z","Selected GPT-4o Mini (score: 0.95) for debugging task. Cost: $0.0016, Quality: 0.85, Latency: 1000ms"
"GPT-4o Mini",0.0015749999999999998,"2025-12-08T07:19:56.377Z","Selected GPT-4o Mini (score: 0.95) for documentation task. Cost: $0.0016, Quality: 0.85, Latency: 1000ms"
"GPT-4o Mini",0.0015749999999999998,"2025-12-08T07:19:56.377Z","Selected GPT-4o Mini (score: 0.95) for code_generation task. Cost: $0.0016, Quality: 0.85, Latency: 1000ms"
"GPT-4o Mini",0.0015749999999999998,"2025-12-08T07:19:56.377Z","Selected GPT-4o Mini (score: 0.95) for debugging task. Cost: $0.0016, Quality: 0.85, Latency: 1000ms"
"GPT-4o Mini",0.0015749999999999998,"2025-12-08T07:19:56.377Z","Selected GPT-4o Mini (score: 0.95) for documentation task. Cost: $0.0016, Quality: 0.85, Latency: 1000ms"
"GPT-4o Mini",0.0015749999999999998,"2025-12-08T07:19:56.377Z","Selected GPT-4o Mini (score: 0.95) for code_generation task. Cost: $0.0016, Quality: 0.85, Latency: 1000ms"
"GPT-4o Mini",0.0015749999999999998,"2025-12-08T07:19:56.377Z","Selected GPT-4o Mini (score: 0.95) for debugging task. Cost: $0.0016, Quality: 0.85, Latency: 1000ms"
"GPT-4o Mini",0.0015749999999999998,"2025-12-08T07:19:56.377Z","Selected GPT-4o Mini (score: 0.95) for documentation task. Cost: $0.0016, Quality: 0.85, Latency: 1000ms"
"GPT-4o Mini",0.0015749999999999998,"2025-12-08T07:19:56.377Z","Selected GPT-4o Mini (score: 0.95) for code_generation task. Cost: $0.0016, Quality: 0.85, Latency: 1000ms"
"GPT-4o Mini",0.0015749999999999998,"2025-12-08T07:19:56.377Z","Selected GPT-4o Mini (score: 0.95) for debugging task. Cost: $0.0016, Quality: 0.85, Latency: 1000ms"
"GPT-4o Mini",0.0015749999999999998,"2025-12-08T07:19:56.377Z","Selected GPT-4o Mini (score: 0.95) for documentation task. Cost: $0.0016, Quality: 0.85, Latency: 1000ms"
"GPT-4o Mini",0.0015749999999999998,"2025-12-08T07:19:56.377Z","Selected GPT-4o Mini (score: 0.95) for code_generation task. Cost: $0.0016, Quality: 0.85, Latency: 1000ms"
"GPT-4o Mini",0.0015749999999999998,"2025-12-08T07:19:56.377Z","Selected GPT-4o Mini (score: 0.95) for debugging task. Cost: $0.0016, Quality: 0.85, Latency: 1000ms"
"GPT-4o Mini",0.0015749999999999998,"2025-12-08T07:19:56.377Z","Selected GPT-4o Mini (score: 0.95) for documentation task. Cost: $0.0016, Quality: 0.85, Latency: 1000ms"
"GPT-4o Mini",0.0015749999999999998,"2025-12-08T07:19:56.377Z","Selected GPT-4o Mini (score: 0.95) for code_generation task. Cost: $0.0016, Quality: 0.85, Latency: 1000ms"
"GPT-4o Mini",0.0015749999999999998,"2025-12-08T07:19:56.377Z","Selected GPT-4o Mini (score: 0.95) for debugging task. Cost: $0.0016, Quality: 0.85, Latency: 1000ms"
"GPT-4o Mini",0.0015749999999999998,"2025-12-08T07:19:56.377Z","Selected GPT-4o Mini (score: 0.95) for documentation task. Cost: $0.0016, Quality: 0.85, Latency: 1000ms"
"GPT-4o Mini",0.0015749999999999998,"2025-12-08T07:19:56.377Z","Selected GPT-4o Mini (score: 0.95) for code_generation task. Cost: $0.0016, Quality: 0.85, Latency: 1000ms"
"GPT-4o Mini",0.0015749999999999998,"2025-12-08T07:19:56.377Z","Selected GPT-4o Mini (score: 0.95) for debugging task. Cost: $0.0016, Quality: 0.85, Latency: 1000ms"
"GPT-4o Mini",0.0015749999999999998,"2025-12-08T07:19:56.377Z","Selected GPT-4o Mini (score: 0.95) for documentation task. Cost: $0.0016, Quality: 0.85, Latency: 1000ms"
"GPT-4o Mini",0.0015749999999999998,"2025-12-08T07:19:56.377Z","Selected GPT-4o Mini (score: 0.95) for code_generation task. Cost: $0.0016, Quality: 0.85, Latency: 1000ms"
"GPT-4o Mini",0.0015749999999999998,"2025-12-08T07:19:56.377Z","Selected GPT-4o Mini (score: 0.95) for debugging task. Cost: $0.0016, Quality: 0.85, Latency: 1000ms"
"GPT-4o Mini",0.0015749999999999998,"2025-12-08T07:19:56.377Z","Selected GPT-4o Mini (score: 0.95) for documentation task. Cost: $0.0016, Quality: 0.85, Latency: 1000ms"
"GPT-4o Mini",0.0015749999999999998,"2025-12-08T07:19:56.377Z","Selected GPT-4o Mini (score: 0.95) for code_generation task. Cost: $0.0016, Quality: 0.85, Latency: 1000ms"
"GPT-4o Mini",0.0015749999999999998,"2025-12-08T07:19:56.377Z","Selected GPT-4o Mini (score: 0.95) for debugging task. Cost: $0.0016, Quality: 0.85, Latency: 1000ms"
"GPT-4o Mini",0.0015749999999999998,"2025-12-08T07:19:56.377Z","Selected GPT-4o Mini (score: 0.95) for documentation task. Cost: $0.0016, Quality: 0.85, Latency: 1000ms"
"GPT-4o Mini",0.0015749999999999998,"2025-12-08T07:19:56.377Z","Selected GPT-4o Mini (score: 0.95) for code_generation task. Cost: $0.0016, Quality: 0.85, Latency: 1000ms"
"GPT-4o Mini",0.0015749999999999998,"2025-12-08T07:19:56.377Z","Selected GPT-4o Mini (score: 0.95) for debugging task. Cost: $0.0016, Quality: 0.85, Latency: 1000ms"
"GPT-4o Mini",0.0015749999999999998,"2025-12-08T07:19:56.377Z","Selected GPT-4o Mini (score: 0.95) for documentation task. Cost: $0.0016, Quality: 0.85, Latency: 1000ms"
"GPT-4o Mini",0.0015749999999999998,"2025-12-08T07:19:56.377Z","Selected GPT-4o Mini (score: 0.95) for code_generation task. Cost: $0.0016, Quality: 0.85, Latency: 1000ms"
"GPT-4o Mini",0.0015749999999999998,"2025-12-08T07:19:56.377Z","Selected GPT-4o Mini (score: 0.95) for debugging task. Cost: $0.0016, Quality: 0.85, Latency: 1000ms"
"GPT-4o Mini",0.0015749999999999998,"2025-12-08T07:19:56.377Z","Selected GPT-4o Mini (score: 0.95) for documentation task. Cost: $0.0016, Quality: 0.85, Latency: 1000ms"
"GPT-4o Mini",0.0015749999999999998,"2025-12-08T07:19:56.377Z","Selected GPT-4o Mini (score: 0.95) for code_generation task. Cost: $0.0016, Quality: 0.85, Latency: 1000ms"
"GPT-4o Mini",0.0015749999999999998,"2025-12-08T07:19:56.377Z","Selected GPT-4o Mini (score: 0.95) for debugging task. Cost: $0.0016, Quality: 0.85, Latency: 1000ms"
"GPT-4o Mini",0.0015749999999999998,"2025-12-08T07:19:56.377Z","Selected GPT-4o Mini (score: 0.95) for documentation task. Cost: $0.0016, Quality: 0.85, Latency: 1000ms"
"GPT-4o Mini",0.0015749999999999998,"2025-12-08T07:19:56.377Z","Selected GPT-4o Mini (score: 0.95) for code_generation task. Cost: $0.0016, Quality: 0.85, Latency: 1000ms"
"GPT-4o Mini",0.0015749999999999998,"2025-12-08T07:19:56.377Z","Selected GPT-4o Mini (score: 0.95) for debugging task. Cost: $0.0016, Quality: 0.85, Latency: 1000ms"
"GPT-4o Mini",0.0015749999999999998,"2025-12-08T07:19:56.377Z","Selected GPT-4o Mini (score: 0.95) for documentation task. Cost: $0.0016, Quality: 0.85, Latency: 1000ms"
"GPT-4o Mini",0.0015749999999999998,"2025-12-08T07:19:56.377Z","Selected GPT-4o Mini (score: 0.95) for code_generation task. Cost: $0.0016, Quality: 0.85, Latency: 1000ms"
"GPT-4o Mini",0.0015749999999999998,"2025-12-08T07:19:56.377Z","Selected GPT-4o Mini (score: 0.95) for debugging task. Cost: $0.0016, Quality: 0.85, Latency: 1000ms"
"GPT-4o Mini",0.0015749999999999998,"2025-12-08T07:19:56.377Z","Selected GPT-4o Mini (score: 0.95) for documentation task. Cost: $0.0016, Quality: 0.85, Latency: 1000ms"
"GPT-4o Mini",0.0015749999999999998,"2025-12-08T07:19:56.377Z","Selected GPT-4o Mini (score: 0.95) for code_generation task. Cost: $0.0016, Quality: 0.85, Latency: 1000ms"
"GPT-4o Mini",0.0015749999999999998,"2025-12-08T07:19:56.377Z","Selected GPT-4o Mini (score: 0.95) for debugging task. Cost: $0.0016, Quality: 0.85, Latency: 1000ms"
"GPT-4o Mini",0.0015749999999999998,"2025-12-08T07:19:56.377Z","Selected GPT-4o Mini (score: 0.95) for documentation task. Cost: $0.0016, Quality: 0.85, Latency: 1000ms"
"GPT-4o Mini",0.0015749999999999998,"2025-12-08T07:19:56.377Z","Selected GPT-4o Mini (score: 0.95) for code_generation task. Cost: $0.0016, Quality: 0.85, Latency: 1000ms"
"GPT-4o Mini",0.0015749999999999998,"2025-12-08T07:19:56.377Z","Selected GPT-4o Mini (score: 0.95) for debugging task. Cost: $0.0016, Quality: 0.85, Latency: 1000ms"
"GPT-4o Mini",0.0015749999999999998,"2025-12-08T07:19:56.377Z","Selected GPT-4o Mini (score: 0.95) for documentation task. Cost: $0.0016, Quality: 0.85, Latency: 1000ms"
"GPT-4o Mini",0.0015749999999999998,"2025-12-08T07:19:56.377Z","Selected GPT-4o Mini (score: 0.95) for code_generation task. Cost: $0.0016, Quality: 0.85, Latency: 1000ms"
"GPT-4o Mini",0.0015749999999999998,"2025-12-08T07:19:56.377Z","Selected GPT-4o Mini (score: 0.95) for debugging task. Cost: $0.0016, Quality: 0.85, Latency: 1000ms"
"GPT-4o Mini",0.0015749999999999998,"2025-12-08T07:19:56.377Z","Selected GPT-4o Mini (score: 0.95) for documentation task. Cost: $0.0016, Quality: 0.85, Latency: 1000ms"
"GPT-4o Mini",0.0015749999999999998,"2025-12-08T07:19:56.377Z","Selected GPT-4o Mini (score: 0.95) for code_generation task. Cost: $0.0016, Quality: 0.85, Latency: 1000ms"
"GPT-4o Mini",0.0015749999999999998,"2025-12-08T07:19:56.377Z","Selected GPT-4o Mini (score: 0.95) for debugging task. Cost: $0.0016, Quality: 0.85, Latency: 1000ms"
"GPT-4o Mini",0.0015749999999999998,"2025-12-08T07:19:56.377Z","Selected GPT-4o Mini (score: 0.95) for documentation task. Cost: $0.0016, Quality: 0.85, Latency: 1000ms"
"GPT-4o Mini",0.0015749999999999998,"2025-12-08T07:19:56.377Z","Selected GPT-4o Mini (score: 0.95) for code_generation task. Cost: $0.0016, Quality: 0.85, Latency: 1000ms"
"GPT-4o Mini",0.0015749999999999998,"2025-12-08T07:19:56.377Z","Selected GPT-4o Mini (score: 0.95) for debugging task. Cost: $0.0016, Quality: 0.85, Latency: 1000ms"
"GPT-4o Mini",0.0015749999999999998,"2025-12-08T07:19:56.377Z","Selected GPT-4o Mini (score: 0.95) for documentation task. Cost: $0.0016, Quality: 0.85, Latency: 1000ms"
"GPT-4o Mini",0.0015749999999999998,"2025-12-08T07:19:56.377Z","Selected GPT-4o Mini (score: 0.95) for code_generation task. Cost: $0.0016, Quality: 0.85, Latency: 1000ms"
"GPT-4o Mini",0.0015749999999999998,"2025-12-08T07:19:56.377Z","Selected GPT-4o Mini (score: 0.95) for debugging task. Cost: $0.0016, Quality: 0.85, Latency: 1000ms"
"GPT-4o Mini",0.0015749999999999998,"2025-12-08T07:19:56.377Z","Selected GPT-4o Mini (score: 0.95) for documentation task. Cost: $0.0016, Quality: 0.85, Latency: 1000ms"
"GPT-4o Mini",0.0016499999999999998,"2025-12-08T07:19:56.377Z","Selected GPT-4o Mini (score: 0.95) for code_generation task. Cost: $0.0016, Quality: 0.85, Latency: 1000ms"
"GPT-4o Mini",0.0016499999999999998,"2025-12-08T07:19:56.377Z","Selected GPT-4o Mini (score: 0.95) for debugging task. Cost: $0.0016, Quality: 0.85, Latency: 1000ms"
"GPT-4o Mini",0.0016499999999999998,"2025-12-08T07:19:56.377Z","Selected GPT-4o Mini (score: 0.95) for documentation task. Cost: $0.0016, Quality: 0.85, Latency: 1000ms"
"GPT-4o Mini",0.0016499999999999998,"2025-12-08T07:19:56.377Z","Selected GPT-4o Mini (score: 0.95) for code_generation task. Cost: $0.0016, Quality: 0.85, Latency: 1000ms"
"GPT-4o Mini",0.0016499999999999998,"2025-12-08T07:19:56.377Z","Selected GPT-4o Mini (score: 0.95) for debugging task. Cost: $0.0016, Quality: 0.85, Latency: 1000ms"
"GPT-4o Mini",0.0016499999999999998,"2025-12-08T07:19:56.377Z","Selected GPT-4o Mini (score: 0.95) for documentation task. Cost: $0.0016, Quality: 0.85, Latency: 1000ms"
"GPT-4o Mini",0.0016499999999999998,"2025-12-08T07:19:56.377Z","Selected GPT-4o Mini (score: 0.95) for code_generation task. Cost: $0.0016, Quality: 0.85, Latency: 1000ms"
"GPT-4o Mini",0.0016499999999999998,"2025-12-08T07:19:56.377Z","Selected GPT-4o Mini (score: 0.95) for debugging task. Cost: $0.0016, Quality: 0.85, Latency: 1000ms"
"GPT-4o Mini",0.0016499999999999998,"2025-12-08T07:19:56.377Z","Selected GPT-4o Mini (score: 0.95) for documentation task. Cost: $0.0016, Quality: 0.85, Latency: 1000ms"
"GPT-4o Mini",0.0016499999999999998,"2025-12-08T07:19:56.377Z","Selected GPT-4o Mini (score: 0.95) for code_generation task. Cost: $0.0016, Quality: 0.85, Latency: 1000ms"
"GPT-4o Mini",0.0016499999999999998,"2025-12-08T07:19:56.377Z","Selected GPT-4o Mini (score: 0.95) for debugging task. Cost: $0.0016, Quality: 0.85, Latency: 1000ms"
"GPT-4o Mini",0.0016499999999999998,"2025-12-08T07:19:56.377Z","Selected GPT-4o Mini (score: 0.95) for documentation task. Cost: $0.0016, Quality: 0.85, Latency: 1000ms"
"GPT-4o Mini",0.0016499999999999998,"2025-12-08T07:19:56.377Z","Selected GPT-4o Mini (score: 0.95) for code_generation task. Cost: $0.0016, Quality: 0.85, Latency: 1000ms"
"GPT-4o Mini",0.0016499999999999998,"2025-12-08T07:19:56.377Z","Selected GPT-4o Mini (score: 0.95) for debugging task. Cost: $0.0016, Quality: 0.85, Latency: 1000ms"
"GPT-4o Mini",0.0016499999999999998,"2025-12-08T07:19:56.377Z","Selected GPT-4o Mini (score: 0.95) for documentation task. Cost: $0.0016, Quality: 0.85, Latency: 1000ms"
"GPT-4o Mini",0.0016499999999999998,"2025-12-08T07:19:56.377Z","Selected GPT-4o Mini (score: 0.95) for code_generation task. Cost: $0.0016, Quality: 0.85, Latency: 1000ms"
"GPT-4o Mini",0.0016499999999999998,"2025-12-08T07:19:56.377Z","Selected GPT-4o Mini (score: 0.95) for debugging task. Cost: $0.0016, Quality: 0.85, Latency: 1000ms"
"GPT-4o Mini",0.0016499999999999998,"2025-12-08T07:19:56.377Z","Selected GPT-4o Mini (score: 0.95) for documentation task. Cost: $0.0016, Quality: 0.85, Latency: 1000ms"
"GPT-4o Mini",0.0016499999999999998,"2025-12-08T07:19:56.377Z","Selected GPT-4o Mini (score: 0.95) for code_generation task. Cost: $0.0016, Quality: 0.85, Latency: 1000ms"
"GPT-4o Mini",0.0016499999999999998,"2025-12-08T07:19:56.377Z","Selected GPT-4o Mini (score: 0.95) for debugging task. Cost: $0.0016, Quality: 0.85, Latency: 1000ms"
"GPT-4o Mini",0.0016499999999999998,"2025-12-08T07:19:56.377Z","Selected GPT-4o Mini (score: 0.95) for documentation task. Cost: $0.0016, Quality: 0.85, Latency: 1000ms"
"GPT-4o Mini",0.0016499999999999998,"2025-12-08T07:19:56.377Z","Selected GPT-4o Mini (score: 0.95) for code_generation task. Cost: $0.0016, Quality: 0.85, Latency: 1000ms"
"GPT-4o Mini",0.0016499999999999998,"2025-12-08T07:19:56.377Z","Selected GPT-4o Mini (score: 0.95) for debugging task. Cost: $0.0016, Quality: 0.85, Latency: 1000ms"
"GPT-4o Mini",0.0016499999999999998,"2025-12-08T07:19:56.377Z","Selected GPT-4o Mini (score: 0.95) for documentation task. Cost: $0.0016, Quality: 0.85, Latency: 1000ms"
"GPT-4o Mini",0.0016499999999999998,"2025-12-08T07:19:56.377Z","Selected GPT-4o Mini (score: 0.95) for code_generation task. Cost: $0.0016, Quality: 0.85, Latency: 1000ms"
"GPT-4o Mini",0.0016499999999999998,"2025-12-08T07:19:56.377Z","Selected GPT-4o Mini (score: 0.95) for debugging task. Cost: $0.0016, Quality: 0.85, Latency: 1000ms"
"GPT-4o Mini",0.0016499999999999998,"2025-12-08T07:19:56.377Z","Selected GPT-4o Mini (score: 0.95) for documentation task. Cost: $0.0016, Quality: 0.85, Latency: 1000ms"
"GPT-4o Mini",0.0016499999999999998,"2025-12-08T07:19:56.377Z","Selected GPT-4o Mini (score: 0.95) for code_generation task. Cost: $0.0016, Quality: 0.85, Latency: 1000ms"
"GPT-4o Mini",0.0016499999999999998,"2025-12-08T07:19:56.377Z","Selected GPT-4o Mini (score: 0.95) for debugging task. Cost: $0.0016, Quality: 0.85, Latency: 1000ms"
"GPT-4o Mini",0.0016499999999999998,"2025-12-08T07:19:56.377Z","Selected GPT-4o Mini (score: 0.95) for documentation task. Cost: $0.0016, Quality: 0.85, Latency: 1000ms"
"GPT-4o Mini",0.0016499999999999998,"2025-12-08T07:19:56.377Z","Selected GPT-4o Mini (score: 0.95) for code_generation task. Cost: $0.0016, Quality: 0.85, Latency: 1000ms"
"GPT-4o Mini",0.0016499999999999998,"2025-12-08T07:19:56.377Z","Selected GPT-4o Mini (score: 0.95) for debugging task. Cost: $0.0016, Quality: 0.85, Latency: 1000ms"
"GPT-4o Mini",0.0016499999999999998,"2025-12-08T07:19:56.377Z","Selected GPT-4o Mini (score: 0.95) for documentation task. Cost: $0.0016, Quality: 0.85, Latency: 1000ms"
"GPT-4o Mini",0.0016499999999999998,"2025-12-08T07:19:56.377Z","Selected GPT-4o Mini (score: 0.95) for code_generation task. Cost: $0.0016, Quality: 0.85, Latency: 1000ms"
"GPT-4o Mini",0.0016499999999999998,"2025-12-08T07:19:56.377Z","Selected GPT-4o Mini (score: 0.95) for debugging task. Cost: $0.0016, Quality: 0.85, Latency: 1000ms"
"GPT-4o Mini",0.0016499999999999998,"2025-12-08T07:19:56.377Z","Selected GPT-4o Mini (score: 0.95) for documentation task. Cost: $0.0016, Quality: 0.85, Latency: 1000ms"
"GPT-4o Mini",0.0016499999999999998,"2025-12-08T07:19:56.377Z","Selected GPT-4o Mini (score: 0.95) for code_generation task. Cost: $0.0016, Quality: 0.85, Latency: 1000ms"
"GPT-4o Mini",0.0016499999999999998,"2025-12-08T07:19:56.377Z","Selected GPT-4o Mini (score: 0.95) for debugging task. Cost: $0.0016, Quality: 0.85, Latency: 1000ms"
"GPT-4o Mini",0.0016499999999999998,"2025-12-08T07:19:56.377Z","Selected GPT-4o Mini (score: 0.95) for documentation task. Cost: $0.0016, Quality: 0.85, Latency: 1000ms"
"GPT-4o Mini",0.0016499999999999998,"2025-12-08T07:19:56.377Z","Selected GPT-4o Mini (score: 0.95) for code_generation task. Cost: $0.0016, Quality: 0.85, Latency: 1000ms"
"GPT-4o Mini",0.0016499999999999998,"2025-12-08T07:19:56.377Z","Selected GPT-4o Mini (score: 0.95) for debugging task. Cost: $0.0016, Quality: 0.85, Latency: 1000ms"
"GPT-4o Mini",0.0016499999999999998,"2025-12-08T07:19:56.377Z","Selected GPT-4o Mini (score: 0.95) for documentation task. Cost: $0.0016, Quality: 0.85, Latency: 1000ms"
"GPT-4o Mini",0.0016499999999999998,"2025-12-08T07:19:56.377Z","Selected GPT-4o Mini (score: 0.95) for code_generation task. Cost: $0.0016, Quality: 0.85, Latency: 1000ms"
"GPT-4o Mini",0.0016499999999999998,"2025-12-08T07:19:56.377Z","Selected GPT-4o Mini (score: 0.95) for debugging task. Cost: $0.0016, Quality: 0.85, Latency: 1000ms"
"GPT-4o Mini",0.0016499999999999998,"2025-12-08T07:19:56.377Z","Selected GPT-4o Mini (score: 0.95) for documentation task. Cost: $0.0016, Quality: 0.85, Latency: 1000ms"
"GPT-4o Mini",0.0016499999999999998,"2025-12-08T07:19:56.377Z","Selected GPT-4o Mini (score: 0.95) for code_generation task. Cost: $0.0016, Quality: 0.85, Latency: 1000ms"
"GPT-4o Mini",0.0016499999999999998,"2025-12-08T07:19:56.377Z","Selected GPT-4o Mini (score: 0.95) for debugging task. Cost: $0.0016, Quality: 0.85, Latency: 1000ms"
"GPT-4o Mini",0.0016499999999999998,"2025-12-08T07:19:56.377Z","Selected GPT-4o Mini (score: 0.95) for documentation task. Cost: $0.0016, Quality: 0.85, Latency: 1000ms"
"GPT-4o Mini",0.0016499999999999998,"2025-12-08T07:19:56.377Z","Selected GPT-4o Mini (score: 0.95) for code_generation task. Cost: $0.0016, Quality: 0.85, Latency: 1000ms"
"GPT-4o Mini",0.0016499999999999998,"2025-12-08T07:19:56.377Z","Selected GPT-4o Mini (score: 0.95) for debugging task. Cost: $0.0016, Quality: 0.85, Latency: 1000ms"
"GPT-4o Mini",0.0016499999999999998,"2025-12-08T07:19:56.377Z","Selected GPT-4o Mini (score: 0.95) for documentation task. Cost: $0.0016, Quality: 0.85, Latency: 1000ms"
"GPT-4o Mini",0.0016499999999999998,"2025-12-08T07:19:56.377Z","Selected GPT-4o Mini (score: 0.95) for code_generation task. Cost: $0.0016, Quality: 0.85, Latency: 1000ms"
"GPT-4o Mini",0.0016499999999999998,"2025-12-08T07:19:56.377Z","Selected GPT-4o Mini (score: 0.95) for debugging task. Cost: $0.0016, Quality: 0.85, Latency: 1000ms"
"GPT-4o Mini",0.0016499999999999998,"2025-12-08T07:19:56.377Z","Selected GPT-4o Mini (score: 0.95) for documentation task. Cost: $0.0016, Quality: 0.85, Latency: 1000ms"
"GPT-4o Mini",0.0016499999999999998,"2025-12-08T07:19:56.377Z","Selected GPT-4o Mini (score: 0.95) for code_generation task. Cost: $0.0016, Quality: 0.85, Latency: 1000ms"
"GPT-4o Mini",0.0016499999999999998,"2025-12-08T07:19:56.377Z","Selected GPT-4o Mini (score: 0.95) for debugging task. Cost: $0.0016, Quality: 0.85, Latency: 1000ms"
"GPT-4o Mini",0.0016499999999999998,"2025-12-08T07:19:56.377Z","Selected GPT-4o Mini (score: 0.95) for documentation task. Cost: $0.0016, Quality: 0.85, Latency: 1000ms"
"GPT-4o Mini",0.0016499999999999998,"2025-12-08T07:19:56.377Z","Selected GPT-4o Mini (score: 0.95) for code_generation task. Cost: $0.0016, Quality: 0.85, Latency: 1000ms"
"GPT-4o Mini",0.0016499999999999998,"2025-12-08T07:19:56.377Z","Selected GPT-4o Mini (score: 0.95) for debugging task. Cost: $0.0016, Quality: 0.85, Latency: 1000ms"
"GPT-4o Mini",0.0016499999999999998,"2025-12-08T07:19:56.377Z","Selected GPT-4o Mini (score: 0.95) for documentation task. Cost: $0.0016, Quality: 0.85, Latency: 1000ms"
"GPT-4o Mini",0.0016499999999999998,"2025-12-08T07:19:56.377Z","Selected GPT-4o Mini (score: 0.95) for code_generation task. Cost: $0.0016, Quality: 0.85, Latency: 1000ms"
"GPT-4o Mini",0.0016499999999999998,"2025-12-08T07:19:56.377Z","Selected GPT-4o Mini (score: 0.95) for debugging task. Cost: $0.0016, Quality: 0.85, Latency: 1000ms"
"GPT-4o Mini",0.0016499999999999998,"2025-12-08T07:19:56.377Z","Selected GPT-4o Mini (score: 0.95) for documentation task. Cost: $0.0016, Quality: 0.85, Latency: 1000ms"
"GPT-4o Mini",0.0016499999999999998,"2025-12-08T07:19:56.377Z","Selected GPT-4o Mini (score: 0.95) for code_generation task. Cost: $0.0016, Quality: 0.85, Latency: 1000ms"
"GPT-4o Mini",0.0016499999999999998,"2025-12-08T07:19:56.377Z","Selected GPT-4o Mini (score: 0.95) for debugging task. Cost: $0.0016, Quality: 0.85, Latency: 1000ms"
"GPT-4o Mini",0.0016499999999999998,"2025-12-08T07:19:56.377Z","Selected GPT-4o Mini (score: 0.95) for documentation task. Cost: $0.0016, Quality: 0.85, Latency: 1000ms"
"GPT-4o Mini",0.0016499999999999998,"2025-12-08T07:19:56.377Z","Selected GPT-4o Mini (score: 0.95) for code_generation task. Cost: $0.0016, Quality: 0.85, Latency: 1000ms"
"GPT-4o Mini",0.0016499999999999998,"2025-12-08T07:19:56.377Z","Selected GPT-4o Mini (score: 0.95) for debugging task. Cost: $0.0016, Quality: 0.85, Latency: 1000ms"
"GPT-4o Mini",0.0016499999999999998,"2025-12-08T07:19:56.377Z","Selected GPT-4o Mini (score: 0.95) for documentation task. Cost: $0.0016, Quality: 0.85, Latency: 1000ms"
"GPT-4o Mini",0.0016499999999999998,"2025-12-08T07:19:56.377Z","Selected GPT-4o Mini (score: 0.95) for code_generation task. Cost: $0.0016, Quality: 0.85, Latency: 1000ms"
"GPT-4o Mini",0.0016499999999999998,"2025-12-08T07:19:56.377Z","Selected GPT-4o Mini (score: 0.95) for debugging task. Cost: $0.0016, Quality: 0.85, Latency: 1000ms"
"GPT-4o Mini",0.0016499999999999998,"2025-12-08T07:19:56.377Z","Selected GPT-4o Mini (score: 0.95) for documentation task. Cost: $0.0016, Quality: 0.85, Latency: 1000ms"
"GPT-4o Mini",0.0016499999999999998,"2025-12-08T07:19:56.377Z","Selected GPT-4o Mini (score: 0.95) for code_generation task. Cost: $0.0016, Quality: 0.85, Latency: 1000ms"
"GPT-4o Mini",0.0016499999999999998,"2025-12-08T07:19:56.377Z","Selected GPT-4o Mini (score: 0.95) for debugging task. Cost: $0.0016, Quality: 0.85, Latency: 1000ms"
"GPT-4o Mini",0.0016499999999999998,"2025-12-08T07:19:56.377Z","Selected GPT-4o Mini (score: 0.95) for documentation task. Cost: $0.0016, Quality: 0.85, Latency: 1000ms"
"GPT-4o Mini",0.0016499999999999998,"2025-12-08T07:19:56.377Z","Selected GPT-4o Mini (score: 0.95) for code_generation task. Cost: $0.0016, Quality: 0.85, Latency: 1000ms"
"GPT-4o Mini",0.0016499999999999998,"2025-12-08T07:19:56.377Z","Selected GPT-4o Mini (score: 0.95) for debugging task. Cost: $0.0016, Quality: 0.85, Latency: 1000ms"
"GPT-4o Mini",0.0016499999999999998,"2025-12-08T07:19:56.377Z","Selected GPT-4o Mini (score: 0.95) for documentation task. Cost: $0.0016, Quality: 0.85, Latency: 1000ms"
"GPT-4o Mini",0.0016499999999999998,"2025-12-08T07:19:56.377Z","Selected GPT-4o Mini (score: 0.95) for code_generation task. Cost: $0.0016, Quality: 0.85, Latency: 1000ms"
"GPT-4o Mini",0.0016499999999999998,"2025-12-08T07:19:56.377Z","Selected GPT-4o Mini (score: 0.95) for debugging task. Cost: $0.0016, Quality: 0.85, Latency: 1000ms"
"GPT-4o Mini",0.0016499999999999998,"2025-12-08T07:19:56.377Z","Selected GPT-4o Mini (score: 0.95) for documentation task. Cost: $0.0016, Quality: 0.85, Latency: 1000ms"
"GPT-4o Mini",0.0016499999999999998,"2025-12-08T07:19:56.377Z","Selected GPT-4o Mini (score: 0.95) for code_generation task. Cost: $0.0016, Quality: 0.85, Latency: 1000ms"
"GPT-4o Mini",0.0016499999999999998,"2025-12-08T07:19:56.377Z","Selected GPT-4o Mini (score: 0.95) for debugging task. Cost: $0.0016, Quality: 0.85, Latency: 1000ms"
"GPT-4o Mini",0.0016499999999999998,"2025-12-08T07:19:56.377Z","Selected GPT-4o Mini (score: 0.95) for documentation task. Cost: $0.0016, Quality: 0.85, Latency: 1000ms"
"GPT-4o Mini",0.0016499999999999998,"2025-12-08T07:19:56.377Z","Selected GPT-4o Mini (score: 0.95) for code_generation task. Cost: $0.0016, Quality: 0.85, Latency: 1000ms"
"GPT-4o Mini",0.0016499999999999998,"2025-12-08T07:19:56.377Z","Selected GPT-4o Mini (score: 0.95) for debugging task. Cost: $0.0016, Quality: 0.85, Latency: 1000ms"
"GPT-4o Mini",0.0016499999999999998,"2025-12-08T07:19:56.377Z","Selected GPT-4o Mini (score: 0.95) for documentation task. Cost: $0.0016, Quality: 0.85, Latency: 1000ms"
"GPT-4o Mini",0.0016499999999999998,"2025-12-08T07:19:56.377Z","Selected GPT-4o Mini (score: 0.95) for code_generation task. Cost: $0.0016, Quality: 0.85, Latency: 1000ms"
"GPT-4o Mini",0.0016499999999999998,"2025-12-08T07:19:56.377Z","Selected GPT-4o Mini (score: 0.95) for debugging task. Cost: $0.0016, Quality: 0.85, Latency: 1000ms"
"GPT-4o Mini",0.0016499999999999998,"2025-12-08T07:19:56.377Z","Selected GPT-4o Mini (score: 0.95) for documentation task. Cost: $0.0016, Quality: 0.85, Latency: 1000ms"
"GPT-4o Mini",0.0016499999999999998,"2025-12-08T07:19:56.377Z","Selected GPT-4o Mini (score: 0.95) for code_generation task. Cost: $0.0016, Quality: 0.85, Latency: 1000ms"
"GPT-4o Mini",0.0016499999999999998,"2025-12-08T07:19:56.377Z","Selected GPT-4o Mini (score: 0.95) for debugging task. Cost: $0.0016, Quality: 0.85, Latency: 1000ms"
"GPT-4o Mini",0.0016499999999999998,"2025-12-08T07:19:56.377Z","Selected GPT-4o Mini (score: 0.95) for documentation task. Cost: $0.0016, Quality: 0.85, Latency: 1000ms"
"GPT-4o Mini",0.0016499999999999998,"2025-12-08T07:19:56.377Z","Selected GPT-4o Mini (score: 0.95) for code_generation task. Cost: $0.0016, Quality: 0.85, Latency: 1000ms"
"GPT-4o Mini",0.0016499999999999998,"2025-12-08T07:19:56.377Z","Selected GPT-4o Mini (score: 0.95) for debugging task. Cost: $0.0016, Quality: 0.85, Latency: 1000ms"
"GPT-4o Mini",0.0016499999999999998,"2025-12-08T07:19:56.377Z","Selected GPT-4o Mini (score: 0.95) for documentation task. Cost: $0.0016, Quality: 0.85, Latency: 1000ms"
"GPT-4o Mini",0.0016499999999999998,"2025-12-08T07:19:56.377Z","Selected GPT-4o Mini (score: 0.95) for code_generation task. Cost: $0.0016, Quality: 0.85, Latency: 1000ms"
"GPT-4o Mini",0.0016499999999999998,"2025-12-08T07:19:56.377Z","Selected GPT-4o Mini (score: 0.95) for debugging task. Cost: $0.0016, Quality: 0.85, Latency: 1000ms"
"GPT-4o Mini",0.0016499999999999998,"2025-12-08T07:19:56.377Z","Selected GPT-4o Mini (score: 0.95) for documentation task. Cost: $0.0016, Quality: 0.85, Latency: 1000ms"
"GPT-4o Mini",0.0016499999999999998,"2025-12-08T07:19:56.377Z","Selected GPT-4o Mini (score: 0.95) for code_generation task. Cost: $0.0016, Quality: 0.85, Latency: 1000ms"
"GPT-4o Mini",0.0016499999999999998,"2025-12-08T07:19:56.377Z","Selected GPT-4o Mini (score: 0.95) for debugging task. Cost: $0.0016, Quality: 0.85, Latency: 1000ms"
"GPT-4o Mini",0.0016499999999999998,"2025-12-08T07:19:56.377Z","Selected GPT-4o Mini (score: 0.95) for documentation task. Cost: $0.0016, Quality: 0.85, Latency: 1000ms"
"GPT-4o Mini",0.0016499999999999998,"2025-12-08T07:19:56.377Z","Selected GPT-4o Mini (score: 0.95) for code_generation task. Cost: $0.0016, Quality: 0.85, Latency: 1000ms"
"GPT-4o Mini",0.0016499999999999998,"2025-12-08T07:19:56.377Z","Selected GPT-4o Mini (score: 0.95) for debugging task. Cost: $0.0016, Quality: 0.85, Latency: 1000ms"
"GPT-4o Mini",0.0016499999999999998,"2025-12-08T07:19:56.377Z","Selected GPT-4o Mini (score: 0.95) for documentation task. Cost: $0.0016, Quality: 0.85, Latency: 1000ms"
"GPT-4o Mini",0.0016499999999999998,"2025-12-08T07:19:56.378Z","Selected GPT-4o Mini (score: 0.95) for code_generation task. Cost: $0.0016, Quality: 0.85, Latency: 1000ms"
"GPT-4o Mini",0.0016499999999999998,"2025-12-08T07:19:56.378Z","Selected GPT-4o Mini (score: 0.95) for debugging task. Cost: $0.0016, Quality: 0.85, Latency: 1000ms"
"GPT-4o Mini",0.0016499999999999998,"2025-12-08T07:19:56.378Z","Selected GPT-4o Mini (score: 0.95) for documentation task. Cost: $0.0016, Quality: 0.85, Latency: 1000ms"
"GPT-4o Mini",0.0016499999999999998,"2025-12-08T07:19:56.378Z","Selected GPT-4o Mini (score: 0.95) for code_generation task. Cost: $0.0016, Quality: 0.85, Latency: 1000ms"
"GPT-4o Mini",0.0016499999999999998,"2025-12-08T07:19:56.378Z","Selected GPT-4o Mini (score: 0.95) for debugging task. Cost: $0.0016, Quality: 0.85, Latency: 1000ms"
"GPT-4o Mini",0.0016499999999999998,"2025-12-08T07:19:56.378Z","Selected GPT-4o Mini (score: 0.95) for documentation task. Cost: $0.0016, Quality: 0.85, Latency: 1000ms"
"GPT-4o Mini",0.0016499999999999998,"2025-12-08T07:19:56.378Z","Selected GPT-4o Mini (score: 0.95) for code_generation task. Cost: $0.0016, Quality: 0.85, Latency: 1000ms"
"GPT-4o Mini",0.0016499999999999998,"2025-12-08T07:19:56.378Z","Selected GPT-4o Mini (score: 0.95) for debugging task. Cost: $0.0016, Quality: 0.85, Latency: 1000ms"
"GPT-4o Mini",0.0016499999999999998,"2025-12-08T07:19:56.378Z","Selected GPT-4o Mini (score: 0.95) for documentation task. Cost: $0.0016, Quality: 0.85, Latency: 1000ms"
"GPT-4o Mini",0.0016499999999999998,"2025-12-08T07:19:56.378Z","Selected GPT-4o Mini (score: 0.95) for code_generation task. Cost: $0.0016, Quality: 0.85, Latency: 1000ms"
"GPT-4o Mini",0.0016499999999999998,"2025-12-08T07:19:56.378Z","Selected GPT-4o Mini (score: 0.95) for debugging task. Cost: $0.0016, Quality: 0.85, Latency: 1000ms"
"GPT-4o Mini",0.0016499999999999998,"2025-12-08T07:19:56.378Z","Selected GPT-4o Mini (score: 0.95) for documentation task. Cost: $0.0016, Quality: 0.85, Latency: 1000ms"
"GPT-4o Mini",0.0016499999999999998,"2025-12-08T07:19:56.378Z","Selected GPT-4o Mini (score: 0.95) for code_generation task. Cost: $0.0016, Quality: 0.85, Latency: 1000ms"
"GPT-4o Mini",0.0016499999999999998,"2025-12-08T07:19:56.378Z","Selected GPT-4o Mini (score: 0.95) for debugging task. Cost: $0.0016, Quality: 0.85, Latency: 1000ms"
"GPT-4o Mini",0.0016499999999999998,"2025-12-08T07:19:56.378Z","Selected GPT-4o Mini (score: 0.95) for documentation task. Cost: $0.0016, Quality: 0.85, Latency: 1000ms"
"GPT-4o Mini",0.0016499999999999998,"2025-12-08T07:19:56.378Z","Selected GPT-4o Mini (score: 0.95) for code_generation task. Cost: $0.0016, Quality: 0.85, Latency: 1000ms"
"GPT-4o Mini",0.0016499999999999998,"2025-12-08T07:19:56.378Z","Selected GPT-4o Mini (score: 0.95) for debugging task. Cost: $0.0016, Quality: 0.85, Latency: 1000ms"
"GPT-4o Mini",0.0016499999999999998,"2025-12-08T07:19:56.378Z","Selected GPT-4o Mini (score: 0.95) for documentation task. Cost: $0.0016, Quality: 0.85, Latency: 1000ms"
"GPT-4o Mini",0.0016499999999999998,"2025-12-08T07:19:56.378Z","Selected GPT-4o Mini (score: 0.95) for code_generation task. Cost: $0.0016, Quality: 0.85, Latency: 1000ms"
"GPT-4o Mini",0.0016499999999999998,"2025-12-08T07:19:56.378Z","Selected GPT-4o Mini (score: 0.95) for debugging task. Cost: $0.0016, Quality: 0.85, Latency: 1000ms"
"GPT-4o Mini",0.0016499999999999998,"2025-12-08T07:19:56.378Z","Selected GPT-4o Mini (score: 0.95) for documentation task. Cost: $0.0016, Quality: 0.85, Latency: 1000ms"
"GPT-4o Mini",0.0016499999999999998,"2025-12-08T07:19:56.378Z","Selected GPT-4o Mini (score: 0.95) for code_generation task. Cost: $0.0016, Quality: 0.85, Latency: 1000ms"
"GPT-4o Mini",0.0016499999999999998,"2025-12-08T07:19:56.378Z","Selected GPT-4o Mini (score: 0.95) for debugging task. Cost: $0.0016, Quality: 0.85, Latency: 1000ms"
"GPT-4o Mini",0.0016499999999999998,"2025-12-08T07:19:56.378Z","Selected GPT-4o Mini (score: 0.95) for documentation task. Cost: $0.0016, Quality: 0.85, Latency: 1000ms"
"GPT-4o Mini",0.0016499999999999998,"2025-12-08T07:19:56.378Z","Selected GPT-4o Mini (score: 0.95) for code_generation task. Cost: $0.0016, Quality: 0.85, Latency: 1000ms"
"GPT-4o Mini",0.0016499999999999998,"2025-12-08T07:19:56.378Z","Selected GPT-4o Mini (score: 0.95) for debugging task. Cost: $0.0016, Quality: 0.85, Latency: 1000ms"
"GPT-4o Mini",0.0016499999999999998,"2025-12-08T07:19:56.378Z","Selected GPT-4o Mini (score: 0.95) for documentation task. Cost: $0.0016, Quality: 0.85, Latency: 1000ms"
"GPT-4o Mini",0.0016499999999999998,"2025-12-08T07:19:56.378Z","Selected GPT-4o Mini (score: 0.95) for code_generation task. Cost: $0.0016, Quality: 0.85, Latency: 1000ms"
"GPT-4o Mini",0.0016499999999999998,"2025-12-08T07:19:56.378Z","Selected GPT-4o Mini (score: 0.95) for debugging task. Cost: $0.0016, Quality: 0.85, Latency: 1000ms"
"GPT-4o Mini",0.0016499999999999998,"2025-12-08T07:19:56.378Z","Selected GPT-4o Mini (score: 0.95) for documentation task. Cost: $0.0016, Quality: 0.85, Latency: 1000ms"
"GPT-4o Mini",0.0016499999999999998,"2025-12-08T07:19:56.378Z","Selected GPT-4o Mini (score: 0.95) for code_generation task. Cost: $0.0016, Quality: 0.85, Latency: 1000ms"
"GPT-4o Mini",0.0016499999999999998,"2025-12-08T07:19:56.378Z","Selected GPT-4o Mini (score: 0.95) for debugging task. Cost: $0.0016, Quality: 0.85, Latency: 1000ms"
"GPT-4o Mini",0.0016499999999999998,"2025-12-08T07:19:56.378Z","Selected GPT-4o Mini (score: 0.95) for documentation task. Cost: $0.0016, Quality: 0.85, Latency: 1000ms"
"GPT-4o Mini",0.0016499999999999998,"2025-12-08T07:19:56.378Z","Selected GPT-4o Mini (score: 0.95) for code_generation task. Cost: $0.0016, Quality: 0.85, Latency: 1000ms"
"GPT-4o Mini",0.0016499999999999998,"2025-12-08T07:19:56.378Z","Selected GPT-4o Mini (score: 0.95) for debugging task. Cost: $0.0016, Quality: 0.85, Latency: 1000ms"
"GPT-4o Mini",0.0016499999999999998,"2025-12-08T07:19:56.378Z","Selected GPT-4o Mini (score: 0.95) for documentation task. Cost: $0.0016, Quality: 0.85, Latency: 1000ms"
"GPT-4o Mini",0.0016499999999999998,"2025-12-08T07:19:56.378Z","Selected GPT-4o Mini (score: 0.95) for code_generation task. Cost: $0.0016, Quality: 0.85, Latency: 1000ms"
"GPT-4o Mini",0.0016499999999999998,"2025-12-08T07:19:56.378Z","Selected GPT-4o Mini (score: 0.95) for debugging task. Cost: $0.0016, Quality: 0.85, Latency: 1000ms"
"GPT-4o Mini",0.0016499999999999998,"2025-12-08T07:19:56.378Z","Selected GPT-4o Mini (score: 0.95) for documentation task. Cost: $0.0016, Quality: 0.85, Latency: 1000ms"
"GPT-4o Mini",0.0016499999999999998,"2025-12-08T07:19:56.378Z","Selected GPT-4o Mini (score: 0.95) for code_generation task. Cost: $0.0016, Quality: 0.85, Latency: 1000ms"
"GPT-4o Mini",0.0016499999999999998,"2025-12-08T07:19:56.378Z","Selected GPT-4o Mini (score: 0.95) for debugging task. Cost: $0.0016, Quality: 0.85, Latency: 1000ms"
"GPT-4o Mini",0.0016499999999999998,"2025-12-08T07:19:56.378Z","Selected GPT-4o Mini (score: 0.95) for documentation task. Cost: $0.0016, Quality: 0.85, Latency: 1000ms"
"GPT-4o Mini",0.0016499999999999998,"2025-12-08T07:19:56.378Z","Selected GPT-4o Mini (score: 0.95) for code_generation task. Cost: $0.0016, Quality: 0.85, Latency: 1000ms"
"GPT-4o Mini",0.0016499999999999998,"2025-12-08T07:19:56.378Z","Selected GPT-4o Mini (score: 0.95) for debugging task. Cost: $0.0016, Quality: 0.85, Latency: 1000ms"
"GPT-4o Mini",0.0016499999999999998,"2025-12-08T07:19:56.378Z","Selected GPT-4o Mini (score: 0.95) for documentation task. Cost: $0.0016, Quality: 0.85, Latency: 1000ms"
"GPT-4o Mini",0.0016499999999999998,"2025-12-08T07:19:56.378Z","Selected GPT-4o Mini (score: 0.95) for code_generation task. Cost: $0.0016, Quality: 0.85, Latency: 1000ms"
"GPT-4o Mini",0.0016499999999999998,"2025-12-08T07:19:56.378Z","Selected GPT-4o Mini (score: 0.95) for debugging task. Cost: $0.0016, Quality: 0.85, Latency: 1000ms"
"GPT-4o Mini",0.0016499999999999998,"2025-12-08T07:19:56.379Z","Selected GPT-4o Mini (score: 0.95) for documentation task. Cost: $0.0016, Quality: 0.85, Latency: 1000ms"
"GPT-4o Mini",0.0016499999999999998,"2025-12-08T07:19:56.379Z","Selected GPT-4o Mini (score: 0.95) for code_generation task. Cost: $0.0016, Quality: 0.85, Latency: 1000ms"
"GPT-4o Mini",0.0016499999999999998,"2025-12-08T07:19:56.379Z","Selected GPT-4o Mini (score: 0.95) for debugging task. Cost: $0.0016, Quality: 0.85, Latency: 1000ms"
"GPT-4o Mini",0.0016499999999999998,"2025-12-08T07:19:56.379Z","Selected GPT-4o Mini (score: 0.95) for documentation task. Cost: $0.0016, Quality: 0.85, Latency: 1000ms"
"GPT-4o Mini",0.0016499999999999998,"2025-12-08T07:19:56.379Z","Selected GPT-4o Mini (score: 0.95) for code_generation task. Cost: $0.0016, Quality: 0.85, Latency: 1000ms"
"GPT-4o Mini",0.0016499999999999998,"2025-12-08T07:19:56.379Z","Selected GPT-4o Mini (score: 0.95) for debugging task. Cost: $0.0016, Quality: 0.85, Latency: 1000ms"
"GPT-4o Mini",0.0016499999999999998,"2025-12-08T07:19:56.379Z","Selected GPT-4o Mini (score: 0.95) for documentation task. Cost: $0.0016, Quality: 0.85, Latency: 1000ms"
"GPT-4o Mini",0.0016499999999999998,"2025-12-08T07:19:56.379Z","Selected GPT-4o Mini (score: 0.95) for code_generation task. Cost: $0.0016, Quality: 0.85, Latency: 1000ms"
"GPT-4o Mini",0.0016499999999999998,"2025-12-08T07:19:56.379Z","Selected GPT-4o Mini (score: 0.95) for debugging task. Cost: $0.0016, Quality: 0.85, Latency: 1000ms"
"GPT-4o Mini",0.0016499999999999998,"2025-12-08T07:19:56.379Z","Selected GPT-4o Mini (score: 0.95) for documentation task. Cost: $0.0016, Quality: 0.85, Latency: 1000ms"
"GPT-4o Mini",0.0016499999999999998,"2025-12-08T07:19:56.379Z","Selected GPT-4o Mini (score: 0.95) for code_generation task. Cost: $0.0016, Quality: 0.85, Latency: 1000ms"
"GPT-4o Mini",0.0016499999999999998,"2025-12-08T07:19:56.379Z","Selected GPT-4o Mini (score: 0.95) for debugging task. Cost: $0.0016, Quality: 0.85, Latency: 1000ms"
"GPT-4o Mini",0.0016499999999999998,"2025-12-08T07:19:56.379Z","Selected GPT-4o Mini (score: 0.95) for documentation task. Cost: $0.0016, Quality: 0.85, Latency: 1000ms"
"GPT-4o Mini",0.0016499999999999998,"2025-12-08T07:19:56.379Z","Selected GPT-4o Mini (score: 0.95) for code_generation task. Cost: $0.0016, Quality: 0.85, Latency: 1000ms"
"GPT-4o Mini",0.0016499999999999998,"2025-12-08T07:19:56.379Z","Selected GPT-4o Mini (score: 0.95) for debugging task. Cost: $0.0016, Quality: 0.85, Latency: 1000ms"
"GPT-4o Mini",0.0016499999999999998,"2025-12-08T07:19:56.379Z","Selected GPT-4o Mini (score: 0.95) for documentation task. Cost: $0.0016, Quality: 0.85, Latency: 1000ms"
"GPT-4o Mini",0.0016499999999999998,"2025-12-08T07:19:56.379Z","Selected GPT-4o Mini (score: 0.95) for code_generation task. Cost: $0.0016, Quality: 0.85, Latency: 1000ms"
"GPT-4o Mini",0.0016499999999999998,"2025-12-08T07:19:56.379Z","Selected GPT-4o Mini (score: 0.95) for debugging task. Cost: $0.0016, Quality: 0.85, Latency: 1000ms"
"GPT-4o Mini",0.0016499999999999998,"2025-12-08T07:19:56.379Z","Selected GPT-4o Mini (score: 0.95) for documentation task. Cost: $0.0016, Quality: 0.85, Latency: 1000ms"
"GPT-4o Mini",0.0016499999999999998,"2025-12-08T07:19:56.379Z","Selected GPT-4o Mini (score: 0.95) for code_generation task. Cost: $0.0016, Quality: 0.85, Latency: 1000ms"
"GPT-4o Mini",0.0016499999999999998,"2025-12-08T07:19:56.379Z","Selected GPT-4o Mini (score: 0.95) for debugging task. Cost: $0.0016, Quality: 0.85, Latency: 1000ms"
"GPT-4o Mini",0.0016499999999999998,"2025-12-08T07:19:56.379Z","Selected GPT-4o Mini (score: 0.95) for documentation task. Cost: $0.0016, Quality: 0.85, Latency: 1000ms"
"GPT-4o Mini",0.0016499999999999998,"2025-12-08T07:19:56.379Z","Selected GPT-4o Mini (score: 0.95) for code_generation task. Cost: $0.0016, Quality: 0.85, Latency: 1000ms"
"GPT-4o Mini",0.0016499999999999998,"2025-12-08T07:19:56.379Z","Selected GPT-4o Mini (score: 0.95) for debugging task. Cost: $0.0016, Quality: 0.85, Latency: 1000ms"
"GPT-4o Mini",0.0016499999999999998,"2025-12-08T07:19:56.379Z","Selected GPT-4o Mini (score: 0.95) for documentation task. Cost: $0.0016, Quality: 0.85, Latency: 1000ms"
"GPT-4o Mini",0.0016499999999999998,"2025-12-08T07:19:56.379Z","Selected GPT-4o Mini (score: 0.95) for code_generation task. Cost: $0.0016, Quality: 0.85, Latency: 1000ms"
"GPT-4o Mini",0.0016499999999999998,"2025-12-08T07:19:56.379Z","Selected GPT-4o Mini (score: 0.95) for debugging task. Cost: $0.0016, Quality: 0.85, Latency: 1000ms"
"GPT-4o Mini",0.0016499999999999998,"2025-12-08T07:19:56.379Z","Selected GPT-4o Mini (score: 0.95) for documentation task. Cost: $0.0016, Quality: 0.85, Latency: 1000ms"
"GPT-4o Mini",0.0016499999999999998,"2025-12-08T07:19:56.379Z","Selected GPT-4o Mini (score: 0.95) for code_generation task. Cost: $0.0016, Quality: 0.85, Latency: 1000ms"
"GPT-4o Mini",0.0016499999999999998,"2025-12-08T07:19:56.379Z","Selected GPT-4o Mini (score: 0.95) for debugging task. Cost: $0.0016, Quality: 0.85, Latency: 1000ms"
"GPT-4o Mini",0.0016499999999999998,"2025-12-08T07:19:56.379Z","Selected GPT-4o Mini (score: 0.95) for documentation task. Cost: $0.0016, Quality: 0.85, Latency: 1000ms"
"GPT-4o Mini",0.0016499999999999998,"2025-12-08T07:19:56.379Z","Selected GPT-4o Mini (score: 0.95) for code_generation task. Cost: $0.0016, Quality: 0.85, Latency: 1000ms"
"GPT-4o Mini",0.0016499999999999998,"2025-12-08T07:19:56.379Z","Selected GPT-4o Mini (score: 0.95) for debugging task. Cost: $0.0016, Quality: 0.85, Latency: 1000ms"
"GPT-4o Mini",0.0016499999999999998,"2025-12-08T07:19:56.379Z","Selected GPT-4o Mini (score: 0.95) for documentation task. Cost: $0.0016, Quality: 0.85, Latency: 1000ms"
"GPT-4o Mini",0.0016499999999999998,"2025-12-08T07:19:56.379Z","Selected GPT-4o Mini (score: 0.95) for code_generation task. Cost: $0.0016, Quality: 0.85, Latency: 1000ms"
"GPT-4o Mini",0.0016499999999999998,"2025-12-08T07:19:56.379Z","Selected GPT-4o Mini (score: 0.95) for debugging task. Cost: $0.0016, Quality: 0.85, Latency: 1000ms"
"GPT-4o Mini",0.0016499999999999998,"2025-12-08T07:19:56.379Z","Selected GPT-4o Mini (score: 0.95) for documentation task. Cost: $0.0016, Quality: 0.85, Latency: 1000ms"
"GPT-4o Mini",0.0016499999999999998,"2025-12-08T07:19:56.379Z","Selected GPT-4o Mini (score: 0.95) for code_generation task. Cost: $0.0016, Quality: 0.85, Latency: 1000ms"
"GPT-4o Mini",0.0016499999999999998,"2025-12-08T07:19:56.379Z","Selected GPT-4o Mini (score: 0.95) for debugging task. Cost: $0.0016, Quality: 0.85, Latency: 1000ms"
"GPT-4o Mini",0.0016499999999999998,"2025-12-08T07:19:56.379Z","Selected GPT-4o Mini (score: 0.95) for documentation task. Cost: $0.0016, Quality: 0.85, Latency: 1000ms"
"GPT-4o Mini",0.0016499999999999998,"2025-12-08T07:19:56.379Z","Selected GPT-4o Mini (score: 0.95) for code_generation task. Cost: $0.0016, Quality: 0.85, Latency: 1000ms"
"GPT-4o Mini",0.0016499999999999998,"2025-12-08T07:19:56.379Z","Selected GPT-4o Mini (score: 0.95) for debugging task. Cost: $0.0016, Quality: 0.85, Latency: 1000ms"
"GPT-4o Mini",0.0016499999999999998,"2025-12-08T07:19:56.379Z","Selected GPT-4o Mini (score: 0.95) for documentation task. Cost: $0.0016, Quality: 0.85, Latency: 1000ms"
"GPT-4o Mini",0.0016499999999999998,"2025-12-08T07:19:56.379Z","Selected GPT-4o Mini (score: 0.95) for code_generation task. Cost: $0.0016, Quality: 0.85, Latency: 1000ms"
"GPT-4o Mini",0.0016499999999999998,"2025-12-08T07:19:56.379Z","Selected GPT-4o Mini (score: 0.95) for debugging task. Cost: $0.0016, Quality: 0.85, Latency: 1000ms"
"GPT-4o Mini",0.0016499999999999998,"2025-12-08T07:19:56.379Z","Selected GPT-4o Mini (score: 0.95) for documentation task. Cost: $0.0016, Quality: 0.85, Latency: 1000ms"
"GPT-4o Mini",0.0016499999999999998,"2025-12-08T07:19:56.379Z","Selected GPT-4o Mini (score: 0.95) for code_generation task. Cost: $0.0016, Quality: 0.85, Latency: 1000ms"
"GPT-4o Mini",0.0016499999999999998,"2025-12-08T07:19:56.379Z","Selected GPT-4o Mini (score: 0.95) for debugging task. Cost: $0.0016, Quality: 0.85, Latency: 1000ms"
"GPT-4o Mini",0.0016499999999999998,"2025-12-08T07:19:56.379Z","Selected GPT-4o Mini (score: 0.95) for documentation task. Cost: $0.0016, Quality: 0.85, Latency: 1000ms"
"GPT-4o Mini",0.0016499999999999998,"2025-12-08T07:19:56.379Z","Selected GPT-4o Mini (score: 0.95) for code_generation task. Cost: $0.0016, Quality: 0.85, Latency: 1000ms"
"GPT-4o Mini",0.0016499999999999998,"2025-12-08T07:19:56.379Z","Selected GPT-4o Mini (score: 0.95) for debugging task. Cost: $0.0016, Quality: 0.85, Latency: 1000ms"
"GPT-4o Mini",0.0016499999999999998,"2025-12-08T07:19:56.379Z","Selected GPT-4o Mini (score: 0.95) for documentation task. Cost: $0.0016, Quality: 0.85, Latency: 1000ms"
"GPT-4o Mini",0.0016499999999999998,"2025-12-08T07:19:56.379Z","Selected GPT-4o Mini (score: 0.95) for code_generation task. Cost: $0.0016, Quality: 0.85, Latency: 1000ms"
"GPT-4o Mini",0.0016499999999999998,"2025-12-08T07:19:56.379Z","Selected GPT-4o Mini (score: 0.95) for debugging task. Cost: $0.0016, Quality: 0.85, Latency: 1000ms"
"GPT-4o Mini",0.0016499999999999998,"2025-12-08T07:19:56.379Z","Selected GPT-4o Mini (score: 0.95) for documentation task. Cost: $0.0016, Quality: 0.85, Latency: 1000ms"
"GPT-4o Mini",0.0016499999999999998,"2025-12-08T07:19:56.379Z","Selected GPT-4o Mini (score: 0.95) for code_generation task. Cost: $0.0016, Quality: 0.85, Latency: 1000ms"
"GPT-4o Mini",0.0016499999999999998,"2025-12-08T07:19:56.379Z","Selected GPT-4o Mini (score: 0.95) for debugging task. Cost: $0.0016, Quality: 0.85, Latency: 1000ms"
"GPT-4o Mini",0.0016499999999999998,"2025-12-08T07:19:56.379Z","Selected GPT-4o Mini (score: 0.95) for documentation task. Cost: $0.0016, Quality: 0.85, Latency: 1000ms"
"GPT-4o Mini",0.0016499999999999998,"2025-12-08T07:19:56.379Z","Selected GPT-4o Mini (score: 0.95) for code_generation task. Cost: $0.0016, Quality: 0.85, Latency: 1000ms"
"GPT-4o Mini",0.0016499999999999998,"2025-12-08T07:19:56.379Z","Selected GPT-4o Mini (score: 0.95) for debugging task. Cost: $0.0016, Quality: 0.85, Latency: 1000ms"
"GPT-4o Mini",0.0016499999999999998,"2025-12-08T07:19:56.379Z","Selected GPT-4o Mini (score: 0.95) for documentation task. Cost: $0.0016, Quality: 0.85, Latency: 1000ms"
"GPT-4o Mini",0.0016499999999999998,"2025-12-08T07:19:56.379Z","Selected GPT-4o Mini (score: 0.95) for code_generation task. Cost: $0.0016, Quality: 0.85, Latency: 1000ms"
"GPT-4o Mini",0.0016499999999999998,"2025-12-08T07:19:56.379Z","Selected GPT-4o Mini (score: 0.95) for debugging task. Cost: $0.0016, Quality: 0.85, Latency: 1000ms"
"GPT-4o Mini",0.0016499999999999998,"2025-12-08T07:19:56.379Z","Selected GPT-4o Mini (score: 0.95) for documentation task. Cost: $0.0016, Quality: 0.85, Latency: 1000ms"
"GPT-4o Mini",0.0016499999999999998,"2025-12-08T07:19:56.379Z","Selected GPT-4o Mini (score: 0.95) for code_generation task. Cost: $0.0016, Quality: 0.85, Latency: 1000ms"
"GPT-4o Mini",0.0016499999999999998,"2025-12-08T07:19:56.379Z","Selected GPT-4o Mini (score: 0.95) for debugging task. Cost: $0.0016, Quality: 0.85, Latency: 1000ms"
"GPT-4o Mini",0.0016499999999999998,"2025-12-08T07:19:56.379Z","Selected GPT-4o Mini (score: 0.95) for documentation task. Cost: $0.0016, Quality: 0.85, Latency: 1000ms"
"GPT-4o Mini",0.0016499999999999998,"2025-12-08T07:19:56.379Z","Selected GPT-4o Mini (score: 0.95) for code_generation task. Cost: $0.0016, Quality: 0.85, Latency: 1000ms"
"GPT-4o Mini",0.0016499999999999998,"2025-12-08T07:19:56.379Z","Selected GPT-4o Mini (score: 0.95) for debugging task. Cost: $0.0016, Quality: 0.85, Latency: 1000ms"
"GPT-4o Mini",0.0016499999999999998,"2025-12-08T07:19:56.379Z","Selected GPT-4o Mini (score: 0.95) for documentation task. Cost: $0.0016, Quality: 0.85, Latency: 1000ms"
"GPT-4o Mini",0.0016499999999999998,"2025-12-08T07:19:56.379Z","Selected GPT-4o Mini (score: 0.95) for code_generation task. Cost: $0.0016, Quality: 0.85, Latency: 1000ms"
"GPT-4o Mini",0.0016499999999999998,"2025-12-08T07:19:56.379Z","Selected GPT-4o Mini (score: 0.95) for debugging task. Cost: $0.0016, Quality: 0.85, Latency: 1000ms"
"GPT-4o Mini",0.0016499999999999998,"2025-12-08T07:19:56.379Z","Selected GPT-4o Mini (score: 0.95) for documentation task. Cost: $0.0016, Quality: 0.85, Latency: 1000ms"
"GPT-4o Mini",0.0016499999999999998,"2025-12-08T07:19:56.379Z","Selected GPT-4o Mini (score: 0.95) for code_generation task. Cost: $0.0016, Quality: 0.85, Latency: 1000ms"
"GPT-4o Mini",0.0016499999999999998,"2025-12-08T07:19:56.379Z","Selected GPT-4o Mini (score: 0.95) for debugging task. Cost: $0.0016, Quality: 0.85, Latency: 1000ms"
"GPT-4o Mini",0.0016499999999999998,"2025-12-08T07:19:56.379Z","Selected GPT-4o Mini (score: 0.95) for documentation task. Cost: $0.0016, Quality: 0.85, Latency: 1000ms"
"GPT-4o Mini",0.0016499999999999998,"2025-12-08T07:19:56.379Z","Selected GPT-4o Mini (score: 0.95) for code_generation task. Cost: $0.0016, Quality: 0.85, Latency: 1000ms"
"GPT-4o Mini",0.0016499999999999998,"2025-12-08T07:19:56.379Z","Selected GPT-4o Mini (score: 0.95) for debugging task. Cost: $0.0016, Quality: 0.85, Latency: 1000ms"
"GPT-4o Mini",0.0016499999999999998,"2025-12-08T07:19:56.379Z","Selected GPT-4o Mini (score: 0.95) for documentation task. Cost: $0.0016, Quality: 0.85, Latency: 1000ms"
"GPT-4o Mini",0.0016499999999999998,"2025-12-08T07:19:56.379Z","Selected GPT-4o Mini (score: 0.95) for code_generation task. Cost: $0.0016, Quality: 0.85, Latency: 1000ms"
"GPT-4o Mini",0.0016499999999999998,"2025-12-08T07:19:56.379Z","Selected GPT-4o Mini (score: 0.95) for debugging task. Cost: $0.0016, Quality: 0.85, Latency: 1000ms"
"GPT-4o Mini",0.0016499999999999998,"2025-12-08T07:19:56.379Z","Selected GPT-4o Mini (score: 0.95) for documentation task. Cost: $0.0016, Quality: 0.85, Latency: 1000ms"
"GPT-4o Mini",0.0016499999999999998,"2025-12-08T07:19:56.379Z","Selected GPT-4o Mini (score: 0.95) for code_generation task. Cost: $0.0016, Quality: 0.85, Latency: 1000ms"
"GPT-4o Mini",0.0016499999999999998,"2025-12-08T07:19:56.379Z","Selected GPT-4o Mini (score: 0.95) for debugging task. Cost: $0.0016, Quality: 0.85, Latency: 1000ms"
"GPT-4o Mini",0.0016499999999999998,"2025-12-08T07:19:56.379Z","Selected GPT-4o Mini (score: 0.95) for documentation task. Cost: $0.0016, Quality: 0.85, Latency: 1000ms"
"GPT-4o Mini",0.0016499999999999998,"2025-12-08T07:19:56.379Z","Selected GPT-4o Mini (score: 0.95) for code_generation task. Cost: $0.0016, Quality: 0.85, Latency: 1000ms"
"GPT-4o Mini",0.0016499999999999998,"2025-12-08T07:19:56.379Z","Selected GPT-4o Mini (score: 0.95) for debugging task. Cost: $0.0016, Quality: 0.85, Latency: 1000ms"
"GPT-4o Mini",0.0016499999999999998,"2025-12-08T07:19:56.379Z","Selected GPT-4o Mini (score: 0.95) for documentation task. Cost: $0.0016, Quality: 0.85, Latency: 1000ms"
"GPT-4o Mini",0.0016499999999999998,"2025-12-08T07:19:56.379Z","Selected GPT-4o Mini (score: 0.95) for code_generation task. Cost: $0.0016, Quality: 0.85, Latency: 1000ms"
"GPT-4o Mini",0.0016499999999999998,"2025-12-08T07:19:56.379Z","Selected GPT-4o Mini (score: 0.95) for debugging task. Cost: $0.0016, Quality: 0.85, Latency: 1000ms"
"GPT-4o Mini",0.0016499999999999998,"2025-12-08T07:19:56.379Z","Selected GPT-4o Mini (score: 0.95) for documentation task. Cost: $0.0016, Quality: 0.85, Latency: 1000ms"
"GPT-4o Mini",0.0016499999999999998,"2025-12-08T07:19:56.379Z","Selected GPT-4o Mini (score: 0.95) for code_generation task. Cost: $0.0016, Quality: 0.85, Latency: 1000ms"
"GPT-4o Mini",0.0016499999999999998,"2025-12-08T07:19:56.379Z","Selected GPT-4o Mini (score: 0.95) for debugging task. Cost: $0.0016, Quality: 0.85, Latency: 1000ms"
"GPT-4o Mini",0.0016499999999999998,"2025-12-08T07:19:56.379Z","Selected GPT-4o Mini (score: 0.95) for documentation task. Cost: $0.0016, Quality: 0.85, Latency: 1000ms"
"GPT-4o Mini",0.0016499999999999998,"2025-12-08T07:19:56.379Z","Selected GPT-4o Mini (score: 0.95) for code_generation task. Cost: $0.0016, Quality: 0.85, Latency: 1000ms"
"GPT-4o Mini",0.0016499999999999998,"2025-12-08T07:19:56.379Z","Selected GPT-4o Mini (score: 0.95) for debugging task. Cost: $0.0016, Quality: 0.85, Latency: 1000ms"
"GPT-4o Mini",0.0016499999999999998,"2025-12-08T07:19:56.379Z","Selected GPT-4o Mini (score: 0.95) for documentation task. Cost: $0.0016, Quality: 0.85, Latency: 1000ms"
"GPT-4o Mini",0.0016499999999999998,"2025-12-08T07:19:56.379Z","Selected GPT-4o Mini (score: 0.95) for code_generation task. Cost: $0.0016, Quality: 0.85, Latency: 1000ms"
"GPT-4o Mini",0.0016499999999999998,"2025-12-08T07:19:56.379Z","Selected GPT-4o Mini (score: 0.95) for debugging task. Cost: $0.0016, Quality: 0.85, Latency: 1000ms"
"GPT-4o Mini",0.0016499999999999998,"2025-12-08T07:19:56.379Z","Selected GPT-4o Mini (score: 0.95) for documentation task. Cost: $0.0016, Quality: 0.85, Latency: 1000ms"
"GPT-4o Mini",0.0016499999999999998,"2025-12-08T07:19:56.379Z","Selected GPT-4o Mini (score: 0.95) for code_generation task. Cost: $0.0016, Quality: 0.85, Latency: 1000ms"
"GPT-4o Mini",0.0016499999999999998,"2025-12-08T07:19:56.379Z","Selected GPT-4o Mini (score: 0.95) for debugging task. Cost: $0.0016, Quality: 0.85, Latency: 1000ms"
"GPT-4o Mini",0.0016499999999999998,"2025-12-08T07:19:56.379Z","Selected GPT-4o Mini (score: 0.95) for documentation task. Cost: $0.0016, Quality: 0.85, Latency: 1000ms"
"GPT-4o Mini",0.0016499999999999998,"2025-12-08T07:19:56.379Z","Selected GPT-4o Mini (score: 0.95) for code_generation task. Cost: $0.0016, Quality: 0.85, Latency: 1000ms"
"GPT-4o Mini",0.0016499999999999998,"2025-12-08T07:19:56.379Z","Selected GPT-4o Mini (score: 0.95) for debugging task. Cost: $0.0016, Quality: 0.85, Latency: 1000ms"
"GPT-4o Mini",0.0016499999999999998,"2025-12-08T07:19:56.379Z","Selected GPT-4o Mini (score: 0.95) for documentation task. Cost: $0.0016, Quality: 0.85, Latency: 1000ms"
"GPT-4o Mini",0.0016499999999999998,"2025-12-08T07:19:56.379Z","Selected GPT-4o Mini (score: 0.95) for code_generation task. Cost: $0.0016, Quality: 0.85, Latency: 1000ms"
"GPT-4o Mini",0.0016499999999999998,"2025-12-08T07:19:56.379Z","Selected GPT-4o Mini (score: 0.95) for debugging task. Cost: $0.0016, Quality: 0.85, Latency: 1000ms"
"GPT-4o Mini",0.0016499999999999998,"2025-12-08T07:19:56.379Z","Selected GPT-4o Mini (score: 0.95) for documentation task. Cost: $0.0016, Quality: 0.85, Latency: 1000ms"
"GPT-4o Mini",0.0016499999999999998,"2025-12-08T07:19:56.379Z","Selected GPT-4o Mini (score: 0.95) for code_generation task. Cost: $0.0016, Quality: 0.85, Latency: 1000ms"
"GPT-4o Mini",0.0016499999999999998,"2025-12-08T07:19:56.379Z","Selected GPT-4o Mini (score: 0.95) for debugging task. Cost: $0.0016, Quality: 0.85, Latency: 1000ms"
"GPT-4o Mini",0.0016499999999999998,"2025-12-08T07:19:56.379Z","Selected GPT-4o Mini (score: 0.95) for documentation task. Cost: $0.0016, Quality: 0.85, Latency: 1000ms"
"GPT-4o Mini",0.0016499999999999998,"2025-12-08T07:19:56.379Z","Selected GPT-4o Mini (score: 0.95) for code_generation task. Cost: $0.0016, Quality: 0.85, Latency: 1000ms"
"GPT-4o Mini",0.0016499999999999998,"2025-12-08T07:19:56.379Z","Selected GPT-4o Mini (score: 0.95) for debugging task. Cost: $0.0016, Quality: 0.85, Latency: 1000ms"
"GPT-4o Mini",0.0016499999999999998,"2025-12-08T07:19:56.379Z","Selected GPT-4o Mini (score: 0.95) for documentation task. Cost: $0.0016, Quality: 0.85, Latency: 1000ms"
"GPT-4o Mini",0.0016499999999999998,"2025-12-08T07:19:56.379Z","Selected GPT-4o Mini (score: 0.95) for code_generation task. Cost: $0.0016, Quality: 0.85, Latency: 1000ms"
"GPT-4o Mini",0.0016499999999999998,"2025-12-08T07:19:56.379Z","Selected GPT-4o Mini (score: 0.95) for debugging task. Cost: $0.0016, Quality: 0.85, Latency: 1000ms"
"GPT-4o Mini",0.0016499999999999998,"2025-12-08T07:19:56.379Z","Selected GPT-4o Mini (score: 0.95) for documentation task. Cost: $0.0016, Quality: 0.85, Latency: 1000ms"
"GPT-4o Mini",0.0016499999999999998,"2025-12-08T07:19:56.379Z","Selected GPT-4o Mini (score: 0.95) for code_generation task. Cost: $0.0016, Quality: 0.85, Latency: 1000ms"
"GPT-4o Mini",0.0016499999999999998,"2025-12-08T07:19:56.379Z","Selected GPT-4o Mini (score: 0.95) for debugging task. Cost: $0.0016, Quality: 0.85, Latency: 1000ms"
"GPT-4o Mini",0.0016499999999999998,"2025-12-08T07:19:56.379Z","Selected GPT-4o Mini (score: 0.95) for documentation task. Cost: $0.0016, Quality: 0.85, Latency: 1000ms"
"GPT-4o Mini",0.0016499999999999998,"2025-12-08T07:19:56.379Z","Selected GPT-4o Mini (score: 0.95) for code_generation task. Cost: $0.0016, Quality: 0.85, Latency: 1000ms"
"GPT-4o Mini",0.0016499999999999998,"2025-12-08T07:19:56.379Z","Selected GPT-4o Mini (score: 0.95) for debugging task. Cost: $0.0016, Quality: 0.85, Latency: 1000ms"
"GPT-4o Mini",0.0016499999999999998,"2025-12-08T07:19:56.379Z","Selected GPT-4o Mini (score: 0.95) for documentation task. Cost: $0.0016, Quality: 0.85, Latency: 1000ms"
"GPT-4o Mini",0.0016499999999999998,"2025-12-08T07:19:56.379Z","Selected GPT-4o Mini (score: 0.95) for code_generation task. Cost: $0.0016, Quality: 0.85, Latency: 1000ms"
"GPT-4o Mini",0.0016499999999999998,"2025-12-08T07:19:56.379Z","Selected GPT-4o Mini (score: 0.95) for debugging task. Cost: $0.0016, Quality: 0.85, Latency: 1000ms"
"GPT-4o Mini",0.0016499999999999998,"2025-12-08T07:19:56.379Z","Selected GPT-4o Mini (score: 0.95) for documentation task. Cost: $0.0016, Quality: 0.85, Latency: 1000ms"
"GPT-4o Mini",0.0016499999999999998,"2025-12-08T07:19:56.379Z","Selected GPT-4o Mini (score: 0.95) for code_generation task. Cost: $0.0016, Quality: 0.85, Latency: 1000ms"
"GPT-4o Mini",0.0016499999999999998,"2025-12-08T07:19:56.379Z","Selected GPT-4o Mini (score: 0.95) for debugging task. Cost: $0.0016, Quality: 0.85, Latency: 1000ms"
"GPT-4o Mini",0.0016499999999999998,"2025-12-08T07:19:56.379Z","Selected GPT-4o Mini (score: 0.95) for documentation task. Cost: $0.0016, Quality: 0.85, Latency: 1000ms"
"GPT-4o Mini",0.0016499999999999998,"2025-12-08T07:19:56.379Z","Selected GPT-4o Mini (score: 0.95) for code_generation task. Cost: $0.0016, Quality: 0.85, Latency: 1000ms"
"GPT-4o Mini",0.0016499999999999998,"2025-12-08T07:19:56.379Z","Selected GPT-4o Mini (score: 0.95) for debugging task. Cost: $0.0016, Quality: 0.85, Latency: 1000ms"
"GPT-4o Mini",0.0016499999999999998,"2025-12-08T07:19:56.379Z","Selected GPT-4o Mini (score: 0.95) for documentation task. Cost: $0.0016, Quality: 0.85, Latency: 1000ms"
"GPT-4o Mini",0.0016499999999999998,"2025-12-08T07:19:56.379Z","Selected GPT-4o Mini (score: 0.95) for code_generation task. Cost: $0.0016, Quality: 0.85, Latency: 1000ms"
"GPT-4o Mini",0.0016499999999999998,"2025-12-08T07:19:56.379Z","Selected GPT-4o Mini (score: 0.95) for debugging task. Cost: $0.0016, Quality: 0.85, Latency: 1000ms"
"GPT-4o Mini",0.0016499999999999998,"2025-12-08T07:19:56.379Z","Selected GPT-4o Mini (score: 0.95) for documentation task. Cost: $0.0016, Quality: 0.85, Latency: 1000ms"
"GPT-4o Mini",0.0016499999999999998,"2025-12-08T07:19:56.379Z","Selected GPT-4o Mini (score: 0.95) for code_generation task. Cost: $0.0016, Quality: 0.85, Latency: 1000ms"
"GPT-4o Mini",0.0016499999999999998,"2025-12-08T07:19:56.379Z","Selected GPT-4o Mini (score: 0.95) for debugging task. Cost: $0.0016, Quality: 0.85, Latency: 1000ms"
"GPT-4o Mini",0.0016499999999999998,"2025-12-08T07:19:56.379Z","Selected GPT-4o Mini (score: 0.95) for documentation task. Cost: $0.0016, Quality: 0.85, Latency: 1000ms"
"GPT-4o Mini",0.0016499999999999998,"2025-12-08T07:19:56.379Z","Selected GPT-4o Mini (score: 0.95) for code_generation task. Cost: $0.0016, Quality: 0.85, Latency: 1000ms"
"GPT-4o Mini",0.0016499999999999998,"2025-12-08T07:19:56.379Z","Selected GPT-4o Mini (score: 0.95) for debugging task. Cost: $0.0016, Quality: 0.85, Latency: 1000ms"
"GPT-4o Mini",0.0016499999999999998,"2025-12-08T07:19:56.379Z","Selected GPT-4o Mini (score: 0.95) for documentation task. Cost: $0.0016, Quality: 0.85, Latency: 1000ms"
"GPT-4o Mini",0.0016499999999999998,"2025-12-08T07:19:56.379Z","Selected GPT-4o Mini (score: 0.95) for code_generation task. Cost: $0.0016, Quality: 0.85, Latency: 1000ms"
"GPT-4o Mini",0.0016499999999999998,"2025-12-08T07:19:56.379Z","Selected GPT-4o Mini (score: 0.95) for debugging task. Cost: $0.0016, Quality: 0.85, Latency: 1000ms"
"GPT-4o Mini",0.0016499999999999998,"2025-12-08T07:19:56.379Z","Selected GPT-4o Mini (score: 0.95) for documentation task. Cost: $0.0016, Quality: 0.85, Latency: 1000ms"
"GPT-4o Mini",0.0016499999999999998,"2025-12-08T07:19:56.379Z","Selected GPT-4o Mini (score: 0.95) for code_generation task. Cost: $0.0016, Quality: 0.85, Latency: 1000ms"
"GPT-4o Mini",0.0016499999999999998,"2025-12-08T07:19:56.379Z","Selected GPT-4o Mini (score: 0.95) for debugging task. Cost: $0.0016, Quality: 0.85, Latency: 1000ms"
"GPT-4o Mini",0.0016499999999999998,"2025-12-08T07:19:56.379Z","Selected GPT-4o Mini (score: 0.95) for documentation task. Cost: $0.0016, Quality: 0.85, Latency: 1000ms"
"GPT-4o Mini",0.0016499999999999998,"2025-12-08T07:19:56.379Z","Selected GPT-4o Mini (score: 0.95) for code_generation task. Cost: $0.0016, Quality: 0.85, Latency: 1000ms"
"GPT-4o Mini",0.0016499999999999998,"2025-12-08T07:19:56.379Z","Selected GPT-4o Mini (score: 0.95) for debugging task. Cost: $0.0016, Quality: 0.85, Latency: 1000ms"
"GPT-4o Mini",0.0016499999999999998,"2025-12-08T07:19:56.379Z","Selected GPT-4o Mini (score: 0.95) for documentation task. Cost: $0.0016, Quality: 0.85, Latency: 1000ms"
"GPT-4o Mini",0.0016499999999999998,"2025-12-08T07:19:56.379Z","Selected GPT-4o Mini (score: 0.95) for code_generation task. Cost: $0.0016, Quality: 0.85, Latency: 1000ms"
"GPT-4o Mini",0.0016499999999999998,"2025-12-08T07:19:56.379Z","Selected GPT-4o Mini (score: 0.95) for debugging task. Cost: $0.0016, Quality: 0.85, Latency: 1000ms"
"GPT-4o Mini",0.0016499999999999998,"2025-12-08T07:19:56.379Z","Selected GPT-4o Mini (score: 0.95) for documentation task. Cost: $0.0016, Quality: 0.85, Latency: 1000ms"
"GPT-4o Mini",0.0016499999999999998,"2025-12-08T07:19:56.379Z","Selected GPT-4o Mini (score: 0.95) for code_generation task. Cost: $0.0016, Quality: 0.85, Latency: 1000ms"
"GPT-4o Mini",0.0016499999999999998,"2025-12-08T07:19:56.379Z","Selected GPT-4o Mini (score: 0.95) for debugging task. Cost: $0.0016, Quality: 0.85, Latency: 1000ms"
"GPT-4o Mini",0.0016499999999999998,"2025-12-08T07:19:56.379Z","Selected GPT-4o Mini (score: 0.95) for documentation task. Cost: $0.0016, Quality: 0.85, Latency: 1000ms"
"GPT-4o Mini",0.0016499999999999998,"2025-12-08T07:19:56.379Z","Selected GPT-4o Mini (score: 0.95) for code_generation task. Cost: $0.0016, Quality: 0.85, Latency: 1000ms"
"GPT-4o Mini",0.0016499999999999998,"2025-12-08T07:19:56.379Z","Selected GPT-4o Mini (score: 0.95) for debugging task. Cost: $0.0016, Quality: 0.85, Latency: 1000ms"
"GPT-4o Mini",0.0016499999999999998,"2025-12-08T07:19:56.379Z","Selected GPT-4o Mini (score: 0.95) for documentation task. Cost: $0.0016, Quality: 0.85, Latency: 1000ms"
"GPT-4o Mini",0.0016499999999999998,"2025-12-08T07:19:56.379Z","Selected GPT-4o Mini (score: 0.95) for code_generation task. Cost: $0.0016, Quality: 0.85, Latency: 1000ms"
"GPT-4o Mini",0.0016499999999999998,"2025-12-08T07:19:56.379Z","Selected GPT-4o Mini (score: 0.95) for debugging task. Cost: $0.0016, Quality: 0.85, Latency: 1000ms"
"GPT-4o Mini",0.0016499999999999998,"2025-12-08T07:19:56.379Z","Selected GPT-4o Mini (score: 0.95) for documentation task. Cost: $0.0016, Quality: 0.85, Latency: 1000ms"
"GPT-4o Mini",0.0016499999999999998,"2025-12-08T07:19:56.379Z","Selected GPT-4o Mini (score: 0.95) for code_generation task. Cost: $0.0016, Quality: 0.85, Latency: 1000ms"
"GPT-4o Mini",0.0016499999999999998,"2025-12-08T07:19:56.379Z","Selected GPT-4o Mini (score: 0.95) for debugging task. Cost: $0.0016, Quality: 0.85, Latency: 1000ms"
"GPT-4o Mini",0.0016499999999999998,"2025-12-08T07:19:56.379Z","Selected GPT-4o Mini (score: 0.95) for documentation task. Cost: $0.0016, Quality: 0.85, Latency: 1000ms"
"GPT-4o Mini",0.0016499999999999998,"2025-12-08T07:19:56.379Z","Selected GPT-4o Mini (score: 0.95) for code_generation task. Cost: $0.0016, Quality: 0.85, Latency: 1000ms"
"GPT-4o Mini",0.0016499999999999998,"2025-12-08T07:19:56.379Z","Selected GPT-4o Mini (score: 0.95) for debugging task. Cost: $0.0016, Quality: 0.85, Latency: 1000ms"
"GPT-4o Mini",0.0016499999999999998,"2025-12-08T07:19:56.379Z","Selected GPT-4o Mini (score: 0.95) for documentation task. Cost: $0.0016, Quality: 0.85, Latency: 1000ms"
"GPT-4o Mini",0.0016499999999999998,"2025-12-08T07:19:56.379Z","Selected GPT-4o Mini (score: 0.95) for code_generation task. Cost: $0.0016, Quality: 0.85, Latency: 1000ms"
"GPT-4o Mini",0.0016499999999999998,"2025-12-08T07:19:56.379Z","Selected GPT-4o Mini (score: 0.95) for debugging task. Cost: $0.0016, Quality: 0.85, Latency: 1000ms"
"GPT-4o Mini",0.0016499999999999998,"2025-12-08T07:19:56.379Z","Selected GPT-4o Mini (score: 0.95) for documentation task. Cost: $0.0016, Quality: 0.85, Latency: 1000ms"
"GPT-4o Mini",0.0016499999999999998,"2025-12-08T07:19:56.379Z","Selected GPT-4o Mini (score: 0.95) for code_generation task. Cost: $0.0016, Quality: 0.85, Latency: 1000ms"
"GPT-4o Mini",0.0016499999999999998,"2025-12-08T07:19:56.379Z","Selected GPT-4o Mini (score: 0.95) for debugging task. Cost: $0.0016, Quality: 0.85, Latency: 1000ms"
"GPT-4o Mini",0.0016499999999999998,"2025-12-08T07:19:56.379Z","Selected GPT-4o Mini (score: 0.95) for documentation task. Cost: $0.0016, Quality: 0.85, Latency: 1000ms"
"GPT-4o Mini",0.0016499999999999998,"2025-12-08T07:19:56.379Z","Selected GPT-4o Mini (score: 0.95) for code_generation task. Cost: $0.0016, Quality: 0.85, Latency: 1000ms"
"GPT-4o Mini",0.0016499999999999998,"2025-12-08T07:19:56.379Z","Selected GPT-4o Mini (score: 0.95) for debugging task. Cost: $0.0016, Quality: 0.85, Latency: 1000ms"
"GPT-4o Mini",0.0016499999999999998,"2025-12-08T07:19:56.379Z","Selected GPT-4o Mini (score: 0.95) for documentation task. Cost: $0.0016, Quality: 0.85, Latency: 1000ms"
"GPT-4o Mini",0.0016499999999999998,"2025-12-08T07:19:56.379Z","Selected GPT-4o Mini (score: 0.95) for code_generation task. Cost: $0.0016, Quality: 0.85, Latency: 1000ms"
"GPT-4o Mini",0.0016499999999999998,"2025-12-08T07:19:56.379Z","Selected GPT-4o Mini (score: 0.95) for debugging task. Cost: $0.0016, Quality: 0.85, Latency: 1000ms"
"GPT-4o Mini",0.0016499999999999998,"2025-12-08T07:19:56.379Z","Selected GPT-4o Mini (score: 0.95) for documentation task. Cost: $0.0016, Quality: 0.85, Latency: 1000ms"
"GPT-4o Mini",0.0016499999999999998,"2025-12-08T07:19:56.379Z","Selected GPT-4o Mini (score: 0.95) for code_generation task. Cost: $0.0016, Quality: 0.85, Latency: 1000ms"
"GPT-4o Mini",0.0016499999999999998,"2025-12-08T07:19:56.379Z","Selected GPT-4o Mini (score: 0.95) for debugging task. Cost: $0.0016, Quality: 0.85, Latency: 1000ms"
"GPT-4o Mini",0.0016499999999999998,"2025-12-08T07:19:56.379Z","Selected GPT-4o Mini (score: 0.95) for documentation task. Cost: $0.0016, Quality: 0.85, Latency: 1000ms"
"GPT-4o Mini",0.0016499999999999998,"2025-12-08T07:19:56.379Z","Selected GPT-4o Mini (score: 0.95) for code_generation task. Cost: $0.0016, Quality: 0.85, Latency: 1000ms"
"GPT-4o Mini",0.0016499999999999998,"2025-12-08T07:19:56.379Z","Selected GPT-4o Mini (score: 0.95) for debugging task. Cost: $0.0016, Quality: 0.85, Latency: 1000ms"
"GPT-4o Mini",0.0016499999999999998,"2025-12-08T07:19:56.379Z","Selected GPT-4o Mini (score: 0.95) for documentation task. Cost: $0.0016, Quality: 0.85, Latency: 1000ms"
"GPT-4o Mini",0.0016499999999999998,"2025-12-08T07:19:56.379Z","Selected GPT-4o Mini (score: 0.95) for code_generation task. Cost: $0.0016, Quality: 0.85, Latency: 1000ms"
"GPT-4o Mini",0.0016499999999999998,"2025-12-08T07:19:56.379Z","Selected GPT-4o Mini (score: 0.95) for debugging task. Cost: $0.0016, Quality: 0.85, Latency: 1000ms"
"GPT-4o Mini",0.0016499999999999998,"2025-12-08T07:19:56.379Z","Selected GPT-4o Mini (score: 0.95) for documentation task. Cost: $0.0016, Quality: 0.85, Latency: 1000ms"
"GPT-4o Mini",0.0016499999999999998,"2025-12-08T07:19:56.379Z","Selected GPT-4o Mini (score: 0.95) for code_generation task. Cost: $0.0016, Quality: 0.85, Latency: 1000ms"
"GPT-4o Mini",0.0016499999999999998,"2025-12-08T07:19:56.379Z","Selected GPT-4o Mini (score: 0.95) for debugging task. Cost: $0.0016, Quality: 0.85, Latency: 1000ms"
"GPT-4o Mini",0.0016499999999999998,"2025-12-08T07:19:56.379Z","Selected GPT-4o Mini (score: 0.95) for documentation task. Cost: $0.0016, Quality: 0.85, Latency: 1000ms"
"GPT-4o Mini",0.0016499999999999998,"2025-12-08T07:19:56.379Z","Selected GPT-4o Mini (score: 0.95) for code_generation task. Cost: $0.0016, Quality: 0.85, Latency: 1000ms"
"GPT-4o Mini",0.0016499999999999998,"2025-12-08T07:19:56.379Z","Selected GPT-4o Mini (score: 0.95) for debugging task. Cost: $0.0016, Quality: 0.85, Latency: 1000ms"
"GPT-4o Mini",0.0016499999999999998,"2025-12-08T07:19:56.379Z","Selected GPT-4o Mini (score: 0.95) for documentation task. Cost: $0.0016, Quality: 0.85, Latency: 1000ms"
"GPT-4o Mini",0.0016499999999999998,"2025-12-08T07:19:56.379Z","Selected GPT-4o Mini (score: 0.95) for code_generation task. Cost: $0.0016, Quality: 0.85, Latency: 1000ms"
"GPT-4o Mini",0.0016499999999999998,"2025-12-08T07:19:56.379Z","Selected GPT-4o Mini (score: 0.95) for debugging task. Cost: $0.0016, Quality: 0.85, Latency: 1000ms"
"GPT-4o Mini",0.0016499999999999998,"2025-12-08T07:19:56.379Z","Selected GPT-4o Mini (score: 0.95) for documentation task. Cost: $0.0016, Quality: 0.85, Latency: 1000ms"
"GPT-4o Mini",0.0016499999999999998,"2025-12-08T07:19:56.379Z","Selected GPT-4o Mini (score: 0.95) for code_generation task. Cost: $0.0016, Quality: 0.85, Latency: 1000ms"
"GPT-4o Mini",0.0016499999999999998,"2025-12-08T07:19:56.379Z","Selected GPT-4o Mini (score: 0.95) for debugging task. Cost: $0.0016, Quality: 0.85, Latency: 1000ms"
"GPT-4o Mini",0.0016499999999999998,"2025-12-08T07:19:56.379Z","Selected GPT-4o Mini (score: 0.95) for documentation task. Cost: $0.0016, Quality: 0.85, Latency: 1000ms"
"GPT-4o Mini",0.0016499999999999998,"2025-12-08T07:19:56.379Z","Selected GPT-4o Mini (score: 0.95) for code_generation task. Cost: $0.0016, Quality: 0.85, Latency: 1000ms"
"GPT-4o Mini",0.0016499999999999998,"2025-12-08T07:19:56.379Z","Selected GPT-4o Mini (score: 0.95) for debugging task. Cost: $0.0016, Quality: 0.85, Latency: 1000ms"
"GPT-4o Mini",0.0016499999999999998,"2025-12-08T07:19:56.379Z","Selected GPT-4o Mini (score: 0.95) for documentation task. Cost: $0.0016, Quality: 0.85, Latency: 1000ms"
"GPT-4o Mini",0.0016499999999999998,"2025-12-08T07:19:56.379Z","Selected GPT-4o Mini (score: 0.95) for code_generation task. Cost: $0.0016, Quality: 0.85, Latency: 1000ms"
"GPT-4o Mini",0.0016499999999999998,"2025-12-08T07:19:56.379Z","Selected GPT-4o Mini (score: 0.95) for debugging task. Cost: $0.0016, Quality: 0.85, Latency: 1000ms"
"GPT-4o Mini",0.0016499999999999998,"2025-12-08T07:19:56.379Z","Selected GPT-4o Mini (score: 0.95) for documentation task. Cost: $0.0016, Quality: 0.85, Latency: 1000ms"
"GPT-4o Mini",0.0016499999999999998,"2025-12-08T07:19:56.379Z","Selected GPT-4o Mini (score: 0.95) for code_generation task. Cost: $0.0016, Quality: 0.85, Latency: 1000ms"
"GPT-4o Mini",0.0016499999999999998,"2025-12-08T07:19:56.379Z","Selected GPT-4o Mini (score: 0.95) for debugging task. Cost: $0.0016, Quality: 0.85, Latency: 1000ms"
"GPT-4o Mini",0.0016499999999999998,"2025-12-08T07:19:56.379Z","Selected GPT-4o Mini (score: 0.95) for documentation task. Cost: $0.0016, Quality: 0.85, Latency: 1000ms"
"GPT-4o Mini",0.0016499999999999998,"2025-12-08T07:19:56.379Z","Selected GPT-4o Mini (score: 0.95) for code_generation task. Cost: $0.0016, Quality: 0.85, Latency: 1000ms"
"GPT-4o Mini",0.0016499999999999998,"2025-12-08T07:19:56.379Z","Selected GPT-4o Mini (score: 0.95) for debugging task. Cost: $0.0016, Quality: 0.85, Latency: 1000ms"
"GPT-4o Mini",0.0016499999999999998,"2025-12-08T07:19:56.379Z","Selected GPT-4o Mini (score: 0.95) for documentation task. Cost: $0.0016, Quality: 0.85, Latency: 1000ms"
"GPT-4o Mini",0.0016499999999999998,"2025-12-08T07:19:56.379Z","Selected GPT-4o Mini (score: 0.95) for code_generation task. Cost: $0.0016, Quality: 0.85, Latency: 1000ms"
"GPT-4o Mini",0.0016499999999999998,"2025-12-08T07:19:56.379Z","Selected GPT-4o Mini (score: 0.95) for debugging task. Cost: $0.0016, Quality: 0.85, Latency: 1000ms"
"GPT-4o Mini",0.0016499999999999998,"2025-12-08T07:19:56.379Z","Selected GPT-4o Mini (score: 0.95) for documentation task. Cost: $0.0016, Quality: 0.85, Latency: 1000ms"
"GPT-4o Mini",0.0016499999999999998,"2025-12-08T07:19:56.379Z","Selected GPT-4o Mini (score: 0.95) for code_generation task. Cost: $0.0016, Quality: 0.85, Latency: 1000ms"
"GPT-4o Mini",0.0016499999999999998,"2025-12-08T07:19:56.379Z","Selected GPT-4o Mini (score: 0.95) for debugging task. Cost: $0.0016, Quality: 0.85, Latency: 1000ms"
"GPT-4o Mini",0.0016499999999999998,"2025-12-08T07:19:56.379Z","Selected GPT-4o Mini (score: 0.95) for documentation task. Cost: $0.0016, Quality: 0.85, Latency: 1000ms"
"GPT-4o Mini",0.0016499999999999998,"2025-12-08T07:19:56.379Z","Selected GPT-4o Mini (score: 0.95) for code_generation task. Cost: $0.0016, Quality: 0.85, Latency: 1000ms"
"GPT-4o Mini",0.0016499999999999998,"2025-12-08T07:19:56.379Z","Selected GPT-4o Mini (score: 0.95) for debugging task. Cost: $0.0016, Quality: 0.85, Latency: 1000ms"
"GPT-4o Mini",0.0016499999999999998,"2025-12-08T07:19:56.379Z","Selected GPT-4o Mini (score: 0.95) for documentation task. Cost: $0.0016, Quality: 0.85, Latency: 1000ms"
"GPT-4o Mini",0.0016499999999999998,"2025-12-08T07:19:56.379Z","Selected GPT-4o Mini (score: 0.95) for code_generation task. Cost: $0.0016, Quality: 0.85, Latency: 1000ms"
"GPT-4o Mini",0.0016499999999999998,"2025-12-08T07:19:56.379Z","Selected GPT-4o Mini (score: 0.95) for debugging task. Cost: $0.0016, Quality: 0.85, Latency: 1000ms"
"GPT-4o Mini",0.0016499999999999998,"2025-12-08T07:19:56.379Z","Selected GPT-4o Mini (score: 0.95) for documentation task. Cost: $0.0016, Quality: 0.85, Latency: 1000ms"
"GPT-4o Mini",0.0016499999999999998,"2025-12-08T07:19:56.379Z","Selected GPT-4o Mini (score: 0.95) for code_generation task. Cost: $0.0016, Quality: 0.85, Latency: 1000ms"
"GPT-4o Mini",0.0016499999999999998,"2025-12-08T07:19:56.379Z","Selected GPT-4o Mini (score: 0.95) for debugging task. Cost: $0.0016, Quality: 0.85, Latency: 1000ms"
"GPT-4o Mini",0.0016499999999999998,"2025-12-08T07:19:56.379Z","Selected GPT-4o Mini (score: 0.95) for documentation task. Cost: $0.0016, Quality: 0.85, Latency: 1000ms"
"GPT-4o Mini",0.0016499999999999998,"2025-12-08T07:19:56.379Z","Selected GPT-4o Mini (score: 0.95) for code_generation task. Cost: $0.0016, Quality: 0.85, Latency: 1000ms"
"GPT-4o Mini",0.0016499999999999998,"2025-12-08T07:19:56.379Z","Selected GPT-4o Mini (score: 0.95) for debugging task. Cost: $0.0016, Quality: 0.85, Latency: 1000ms"
"GPT-4o Mini",0.0016499999999999998,"2025-12-08T07:19:56.379Z","Selected GPT-4o Mini (score: 0.95) for documentation task. Cost: $0.0016, Quality: 0.85, Latency: 1000ms"
"GPT-4o Mini",0.0016499999999999998,"2025-12-08T07:19:56.379Z","Selected GPT-4o Mini (score: 0.95) for code_generation task. Cost: $0.0016, Quality: 0.85, Latency: 1000ms"
"GPT-4o Mini",0.0016499999999999998,"2025-12-08T07:19:56.379Z","Selected GPT-4o Mini (score: 0.95) for debugging task. Cost: $0.0016, Quality: 0.85, Latency: 1000ms"
"GPT-4o Mini",0.0016499999999999998,"2025-12-08T07:19:56.379Z","Selected GPT-4o Mini (score: 0.95) for documentation task. Cost: $0.0016, Quality: 0.85, Latency: 1000ms"
"GPT-4o Mini",0.0016499999999999998,"2025-12-08T07:19:56.379Z","Selected GPT-4o Mini (score: 0.95) for code_generation task. Cost: $0.0016, Quality: 0.85, Latency: 1000ms"
"GPT-4o Mini",0.0016499999999999998,"2025-12-08T07:19:56.379Z","Selected GPT-4o Mini (score: 0.95) for debugging task. Cost: $0.0016, Quality: 0.85, Latency: 1000ms"
"GPT-4o Mini",0.0016499999999999998,"2025-12-08T07:19:56.379Z","Selected GPT-4o Mini (score: 0.95) for documentation task. Cost: $0.0016, Quality: 0.85, Latency: 1000ms"
"GPT-4o Mini",0.0016499999999999998,"2025-12-08T07:19:56.379Z","Selected GPT-4o Mini (score: 0.95) for code_generation task. Cost: $0.0016, Quality: 0.85, Latency: 1000ms"
"GPT-4o Mini",0.0016499999999999998,"2025-12-08T07:19:56.379Z","Selected GPT-4o Mini (score: 0.95) for debugging task. Cost: $0.0016, Quality: 0.85, Latency: 1000ms"
"GPT-4o Mini",0.0016499999999999998,"2025-12-08T07:19:56.379Z","Selected GPT-4o Mini (score: 0.95) for documentation task. Cost: $0.0016, Quality: 0.85, Latency: 1000ms"
"GPT-4o Mini",0.0016499999999999998,"2025-12-08T07:19:56.379Z","Selected GPT-4o Mini (score: 0.95) for code_generation task. Cost: $0.0016, Quality: 0.85, Latency: 1000ms"
"GPT-4o Mini",0.0016499999999999998,"2025-12-08T07:19:56.379Z","Selected GPT-4o Mini (score: 0.95) for debugging task. Cost: $0.0016, Quality: 0.85, Latency: 1000ms"
"GPT-4o Mini",0.0016499999999999998,"2025-12-08T07:19:56.379Z","Selected GPT-4o Mini (score: 0.95) for documentation task. Cost: $0.0016, Quality: 0.85, Latency: 1000ms"
"GPT-4o Mini",0.0016499999999999998,"2025-12-08T07:19:56.379Z","Selected GPT-4o Mini (score: 0.95) for code_generation task. Cost: $0.0016, Quality: 0.85, Latency: 1000ms"
"GPT-4o Mini",0.0016499999999999998,"2025-12-08T07:19:56.379Z","Selected GPT-4o Mini (score: 0.95) for debugging task. Cost: $0.0016, Quality: 0.85, Latency: 1000ms"
"GPT-4o Mini",0.0016499999999999998,"2025-12-08T07:19:56.379Z","Selected GPT-4o Mini (score: 0.95) for documentation task. Cost: $0.0016, Quality: 0.85, Latency: 1000ms"
"GPT-4o Mini",0.0016499999999999998,"2025-12-08T07:19:56.379Z","Selected GPT-4o Mini (score: 0.95) for code_generation task. Cost: $0.0016, Quality: 0.85, Latency: 1000ms"
"GPT-4o Mini",0.0016499999999999998,"2025-12-08T07:19:56.379Z","Selected GPT-4o Mini (score: 0.95) for debugging task. Cost: $0.0016, Quality: 0.85, Latency: 1000ms"